Code_No,Num,Family,TaxonName,EndangeredSpecies,RarePlants,ExoticPlants,KoreanEndemicPlants,ClimateSensitiveBiologicalIndicatorSpecies,KoreanRedListOfThreatenedSpecies,BiologicalResourcesSubjectToTheApprovalOfOutboundTransfer,FloristicTargetSpecies,PlantsAdaptableToClimateChange,Native_NABI,Cultivated_NABI,Naturalized_NABI
13221,298,Polypodiaceae,Platycerium bifurcatum (Cav.) C. Chr.,,,,,,,,,,,1,
5166,375,Cycadaceae,Cycas revoluta Thunb.,,,,,,,,,,,1,
7483,376,Ginkgoaceae,Ginkgo biloba L.,,,Arc.,,,,,,,,1,1
3924,377,Cupressaceae,Chamaecyparis obtusa (Siebold & Zucc.) Endl.,,,PIP (CAP),,,,,,,,1,
3964,378,Cupressaceae,Chamaecyparis pisifera (Siebold & Zucc.) Endl.,,,,,,,,,,,1,
5071,379,Cupressaceae,Cryptomeria japonica (Thunb. ex L. f.) D. Don,,,PIP (CAP),,,,,,,,1,
5101,380,Cupressaceae,Cryptomeria japonica (Thunb. ex L. f.) D. Don subsp. sinensis (Miq.) P. D. Sell,,,,,,,,,,,1,
5130,381,Cupressaceae,Cunninghamia lanceolata (Lamb.) Hook.,,,,,,,,,,,1,
9832,391,Cupressaceae,Juniperus virginiana L.,,,,,,,,,,,1,
11400,392,Cupressaceae,Metasequoia glyptostroboides Hu & W. C. Cheng,,,,,,,,,,,1,
16553,393,Cupressaceae,Taxodium distichum (L.) Rich.,,,,,,,,,,,1,
16721,395,Cupressaceae,Thuja occidentalis L.,,,,,,,,,,,1,
16751,398,Cupressaceae,Thujopsis dolabrata (Thunb. ex L. f.) Siebold & Zucc.,,,,,,,,,,,1,
13293,399,Podocarpaceae,Podocarpus macrophyllus (Thunb.) Sweet var. maki Siebold & Zucc.,,,,,,,,Ⅴ,,,1,
13295,400,Podocarpaceae,Podocarpus nagi (Thunb.) Zoll. & Mor. ex Zoll.,,,,,,,,,,,1,
15569,401,Sciadopityaceae,Sciadopitys verticillata (Thunb.) Siebold & Zucc.,,,,,,,,,,,1,
16561,404,Taxaceae,Taxus baccata L.,,,,,,,,,,,1,
36,409,Pinaceae,Abies firma Siebold & Zucc.,,,,,,,,,,,1,
41,411,Pinaceae,Abies koreana E. H. Wilson,,LC,,1,1,EN,1,Ⅲ,endemic,1,1,
42,412,Pinaceae,Abies koreana E. H. Wilson forma chlorocarpa T. B. Lee,,,,,,,,,,1,1,
43,413,Pinaceae,Abies koreana E. H. Wilson forma nigrocarpa Hatus.,,,,,,,,,,1,1,
44,414,Pinaceae,Abies koreana E. H. Wilson forma rubrocarpa T. B. Lee,,,,,,,,,,1,1,
53,415,Pinaceae,Abies nephrolepis (Trautv. ex Maxim.) Maxim.,,,,,1,,1,Ⅲ,Northern,1,1,
3739,417,Pinaceae,Cedrus deodara (Roxb. ex D. Don) G. Don,,,,,,,,,,1,1,
10046,419,Pinaceae,Larix kaempferi (Lamb.) Carrière,,,PIP (CAP),,,,,,,,1,
12841,422,Pinaceae,Picea abies (L.) H. Karst.,,,,,,,,,,,1,
12878,423,Pinaceae,Picea jezoensis (Siebold & Zucc.) Carrière,,VU,,,,VU,1,Ⅲ,Northern,1,1,
13005,429,Pinaceae,Pinus banksiana Lamb.,,,,,,,,,,,1,
13007,430,Pinaceae,Pinus bungeana Zucc. ex Endl.,,,,,,,,,,,1,
13028,431,Pinaceae,Pinus densiflora Siebold & Zucc.,,,,,,,1,,,1,1,
13018,432,Pinaceae,Pinus densiflora Siebold & Zucc. forma aggregata Nakai,,,,,,,,,,1,1,
13019,433,Pinaceae,Pinus densiflora Siebold & Zucc. forma congesta Uyeki,,,,,,,,,,1,1,
13029,434,Pinaceae,Pinus densiflora Siebold & Zucc. forma erecta Uyeki,,,,,,,,,,1,1,
13021,435,Pinaceae,Pinus densiflora Siebold & Zucc. forma multicaulis Uyeki,,,,,,,,,,1,1,
13022,436,Pinaceae,Pinus densiflora Siebold & Zucc. forma pendula Mayr,,,,,,,,,,1,1,
13023,437,Pinaceae,Pinus densiflora Siebold & Zucc. forma vittata Uyeki,,,,,,,,,,1,1,
13041,438,Pinaceae,Pinus koraiensis Siebold & Zucc.,,,,,,,1,Ⅱ,,1,1,
13074,439,Pinaceae,Pinus parviflora Siebold & Zucc.,,,,,,,1,Ⅳ,,1,1,
13081,440,Pinaceae,Pinus pumila (Pall.) Regel,,CR,,,1,VU,1,Ⅴ,,1,1,
13082,441,Pinaceae,Pinus pungens Lamb.,,,,,,,,,,,1,
13086,442,Pinaceae,Pinus rigida Mill.,,,PIP (CAP),,,,,,,,1,
13091,443,Pinaceae,Pinus strobus L.,,,,,,,,,,,1,
13103,444,Pinaceae,Pinus sylvestris L.,,,,,,,,,,,1,
13106,446,Pinaceae,Pinus taeda L.,,,,,,,,,,,1,
13117,447,Pinaceae,Pinus thunbergii Parl.,,,,,,,,,,1,1,
13109,448,Pinaceae,Pinus thunbergii Parl. forma multicaulis Uyeki,,,,,,,,,,1,1,
20143,449,Pinaceae,Pinus × rigitaeda S. K. Hyun & Ahn,,,,,,,,,,,1,
13993,450,Pinaceae,Pseudotsuga menziesii (Mirb.) Franco,,,,,,,,,,,1,
17033,451,Pinaceae,Tsuga sieboldii Carrière,,LC,,,,LC,1,Ⅳ,,1,1,
2384,452,Cabombaceae,Brasenia schreberi J. F. Gmel.,Ⅱ,VU,,,,VU,,Ⅴ,,1,1,
2553,453,Cabombaceae,Cabomba caroliniana A. Gray,,,IAP (CAP),,,,,,,,1,1
6814,454,Nymphaeaceae,Euryale ferox Salisb. ex K. D. Koenig & Sims,Ⅱ,VU,,,,VU,,Ⅴ,,1,1,
11826,459,Nymphaeaceae,Nymphaea alba L.,,,PIP (CAP),,,,,,,,1,
11871,460,Nymphaeaceae,Nymphaea odorata Aiton,,,PIP (CAP),,,,,,,,1,
9312,464,Schisandraceae,Illicium verum Hook. f.,,,,,,,,,,,1,
15547,466,Schisandraceae,Schisandra chinensis (Turcz.) Baill.,,,,,,,1,Ⅱ,,1,1,
1676,475,Annonaceae,Asimina triloba (L.) Dunal,,,,,,,,,,,1,
10580,476,Magnoliaceae,Liriodendron chinense (Hemsl.) Sarg.,,,,,,,,,,,1,
10587,477,Magnoliaceae,Liriodendron tulipifera L.,,,PIP (CAP),,,,,,,,1,
10947,478,Magnoliaceae,Magnolia denudata Desr.,,,,,,,,,,,1,
10948,479,Magnoliaceae,Magnolia denudata Desr. var. purpurascens (Maxim.) Rehder & E. H. Wilson,,,,,,,,,,,1,
10987,480,Magnoliaceae,Magnolia grandiflora L.,,,,,,,,,,,1,
11040,482,Magnoliaceae,Magnolia obovata Thunb.,,,IAP (NP),,,,,,,,1,1
11059,483,Magnoliaceae,Magnolia quinquepeta (Buc’hoz) Dandy,,,,,,,,,,,1,
11097,486,Magnoliaceae,Magnolia stellata (Siebold & Zucc.) Maxim.,,,,,,,,,,,1,
11411,487,Magnoliaceae,Michelia compressa (Maxim.) Sarg.,Ⅱ,CR,,,,EN,,Ⅴ,,1,1,
4061,488,Calycanthaceae,Chimonanthus praecox (L.) Link,,,,,,,,,,,1,
4193,493,Lauraceae,Cinnamomum loureiroi Nees,,,,,,,,,,,1,
10080,494,Lauraceae,Laurus nobilis L.,,,,,,,,,,,1,
10079,495,Lauraceae,Laurus nobilis L. forma angustifolia (Nees) Markgr.,,,,,,,,,,,1,
10499,496,Lauraceae,Lindera angustifolia W. C. Cheng,,,,,,,,,,1,1,
10516,504,Lauraceae,Lindera strychnifolia (Siebold & Zucc.) Fern.-Vill.,,,,,,,,,,,1,
11734,510,Lauraceae,Neolitsea sericea (Blume) Koidz.,,,,,1,,,Ⅰ,Southern,1,1,
12297,511,Lauraceae,Parabenzoin trilobum (Siebold & Zucc.) Nakai,,,,,,,,,,,1,
8705,526,Saururaceae,Houttuynia cordata Thunb.,,,Arc.,,,,1,,,,1,1
15366,527,Saururaceae,Saururus chinensis (Lour.) Baill.,Ⅱ,EN,,,,EN,,Ⅴ,,1,1,
2150,535,Berberidaceae,Berberis poiretii C. K. Schneid.,,,,,,,,,,1,1,
2158,536,Berberidaceae,Berberis thunbergii DC.,,,,,,,,,,,1,
6337,538,Berberidaceae,Epimedium koreanum Nakai,cancel,VU,,,,LC,1,Ⅳ,Northern,1,1,
11191,541,Berberidaceae,Mahonia aquifolium (Pursh) Nutt.,,,,,,,,,,,1,
11195,542,Berberidaceae,Mahonia fortunei (Lindl.) Fedde,,,,,,,,,,,1,
11196,543,Berberidaceae,Mahonia japonica (Thunb.) DC.,,,IAP (CAP),,,,,,,,1,1
11198,544,Berberidaceae,Mahonia lomariifolia Takeda,,,,,,,,,,,1,
11666,545,Berberidaceae,Nandina domestica Thunb.,,,,,,,,,,,1,
5692,594,Papaveraceae,Dicentra spectabilis (L.) Lem.,,,,,,,1,Ⅲ,,1,1,
6570,595,Papaveraceae,Eschscholzia californica Cham.,,,IAP (CAP),,,,,,,,1,1
12266,601,Papaveraceae,Papaver hybridum L.,,,PIP (UN),,,,,,,,1,1
12269,602,Papaveraceae,Papaver nudicaule L.,,,,,,,,,,,1,
12293,607,Papaveraceae,Papaver setigerum DC.,,,PIP (UN),,,,,,,,1,1
12294,608,Papaveraceae,Papaver somniferum L.,,,,,,,,,,,1,
1163,647,Ranunculaceae,Anemone hupehensis (Lemoine) Lemoine,,,,,,,,,,,1,
1166,648,Ranunculaceae,Anemone hupehensis (Lemoine) Lemoine var. japonica (Thunb.) Bowles & Stearn,,,,,,,,,,,1,
1310,660,Ranunculaceae,Aquilegia buergeriana Siebold & Zucc. var. oxysepala (Trautv. & C. A. Mey.) Kitam.,,,,,,,1,Ⅲ,,1,1,
1325,662,Ranunculaceae,Aquilegia flabellata Siebold & Zucc.,,,,,,,,,,1,1,
2697,665,Ranunculaceae,Caltha palustris L.,,,,,,,1,Ⅱ,,1,1,
4313,678,Ranunculaceae,Clematis chiisanensis Nakai var. carunculosa Rehder,,,,,,,,,,,1,
4328,680,Ranunculaceae,Clematis florida Thunb.,,,,,,,,,,,1,
5420,708,Ranunculaceae,Delphinium ajacis L.,,,PIP (UN),,,,,,,,1,
5443,714,Ranunculaceae,Delphinium ornatum C. D. Bouché,,,,,,,,,,,1,1
14067,729,Ranunculaceae,Pulsatilla chinensis (Bunge) Regel,,,,,,,,,,,1,
14088,732,Ranunculaceae,Pulsatilla tongkangensis Y. N. Lee & T. C. Lee,,EN,,1,,VU,1,Ⅴ,,1,1,
14089,733,Ranunculaceae,Pulsatilla tongkangensis Y. N. Lee & T. C. Lee forma alba Y. N. Lee,,,,,,,,,,1,1,
14090,734,Ranunculaceae,Pulsatilla tongkangensis Y. N. Lee & T. C. Lee forma disepala Y. N. Lee,,,,,,,,,,1,1,
14091,735,Ranunculaceae,Pulsatilla tongkangensis Y. N. Lee & T. C. Lee forma longisepala Y. N. Lee,,,,,,,,,,1,1,
14092,736,Ranunculaceae,Pulsatilla tongkangensis Y. N. Lee & T. C. Lee forma rosa Y. N. Lee,,,,,,,,,,1,1,
14276,740,Ranunculaceae,Ranunculus arvensis L.,,,PIP (UN),,,,,,,,1,1
11720,784,Nelumbonaceae,Nelumbo nucifera Gaertn.,,,PIP (CAP),,,,1,,,,1,
13207,785,Platanaceae,Platanus occidentalis L.,,,PIP (CAP),,,,,,,,1,
13210,786,Platanaceae,Platanus orientalis L.,,,,,,,,,,,1,
13205,787,Platanaceae,Platanus × hispanica Mill. Ex Münchh.,,,,,,,,,,,1,
2524,790,Buxaceae,"Buxus koreana (Nakai ex Rehder) T. H. Chung, P. S. Toh, D. B. Lee & F. J. Lee",,,,,,,1,Ⅰ,,1,1,
2535,793,Buxaceae,Buxus microphylla Siebold & Zucc.,,,,,,,,,,,1,
2543,794,Buxaceae,Buxus sempervirens L.,,,,,,,,,,,1,
12177,795,Buxaceae,Pachysandra terminalis Siebold & Zucc.,,,,,,,,,,,1,
10562,796,Altingiaceae,Liquidambar formosana Hance,,,,,,,,,,,1,
10571,797,Altingiaceae,Liquidambar styraciflua L.,,,,,,,,,,,1,
3874,798,Cercidiphyllaceae,Cercidiphyllum japonicum Siebold & Zucc. ex J. J. Hoffm. & J. H. Schult. bis,,,PIP (CAP),,,,,,,,1,
3869,799,Cercidiphyllaceae,Cercidiphyllum japonicum Siebold & Zucc. ex J. J. Hoffm. & J. H. Schult. bis forma pendulum (Miyoshi ex Makino & Nemoto) Ohwi,,,,,,,,,,,1,
8847,804,Crassulaceae,Hylotelephium ussuriense (Kom.) H. Ohba,cancel,VU,,,,LC,1,Ⅴ,Northern,1,1,
12048,813,Crassulaceae,Orostachys japonica (Maxim.) A. Berger,,,,,,,1,,,1,1,
15716,836,Crassulaceae,Sedum kamtschaticum Fisch. & C. A. Mey.,,,,,,,1,,,1,1,
15724,840,Crassulaceae,Sedum makinoi Maxim.,,,PIP (CAP),,,,,,,,1,
15747,845,Crassulaceae,Sedum sarmentosum Bunge,,,,,,,1,,,1,1,
14750,858,Grossulariaceae,Ribes grossularia L.,,,,,,,,,,,1,
14764,866,Grossulariaceae,Ribes nigrum L.,,,,,,,,,,,1,
14773,869,Grossulariaceae,Ribes sativum (Rchb.) Syme,,,,,,,,,,,1,
11647,873,Haloragaceae,Myriophyllum aquaticum (Vell.) Verdc.,,,PIP (CAP),,,,,,,,1,1
4815,878,Hamamelidaceae,Corylopsis glabrescens Franch. & Sav. var. gotoana (Makino) T. Yamanaka,cancel,LC,,,,,1,Ⅳ,,1,1,
4821,879,Hamamelidaceae,Corylopsis sinensis Hemsl.,,,,,,,,,,,1,
4826,880,Hamamelidaceae,Corylopsis spicata Siebold & Zucc.,,,,,,,,,,,1,
7745,883,Hamamelidaceae,Hamamelis japonica Siebold & Zucc.,,,,,,,,,,,1,
12207,887,Paeoniaceae,Paeonia lactiflora Pall.,,,,,,,,,,,1,
12203,890,Paeoniaceae,Paeonia lactiflora Pall. forma pilosella (Nakai) Kitag.,,,,,,,,,,,1,
12231,892,Paeoniaceae,Paeonia suffruticosa Andrews,,,,,,,,,,,1,
20218,902,Saxifragaceae,Bergenia stracheyi (Hook. f. & Thomson) Engl.,,,PIP (CAP),,,,,,,,1,
11608,919,Saxifragaceae,Mukdenia rossii (Oliv.) Koidz.,,,,,,,1,Ⅱ,Northern,1,1,
15487,933,Saxifragaceae,Saxifraga stolonifera Curtis,,,,,,,,,,,1,
12348,941,Vitaceae,Parthenocissus henryana Graebn. ex Diels,,,,,,,,,,,1,
12349,942,Vitaceae,Parthenocissus quinquefolia (L.) Planch.,,,PIP (CAP),,,,,,,,1,
12351,943,Vitaceae,Parthenocissus tricuspidata (Siebold & Zucc.) Planch.,,,,,,,,,,1,1,
17648,950,Vitaceae,Vitis vinifera L.,,,,,,,,,,,1,
6612,958,Celastraceae,Euonymus alatus (Thunb.) Siebold,,,,,,,1,,,1,1,
6668,969,Celastraceae,Euonymus japonicus Thunb.,,,,,,,1,Ⅰ,,1,1,
6205,982,Elaeocarpaceae,Elaeocarpus sylvestris (Lour.) Poir. var. ellipticus (Thunb.) H. Hara,,EN,,,,NT,1,Ⅳ,,1,1,
12123,985,Oxalidaceae,Oxalis acetosella L. var. rosea Peterm.,,,,,,,,,,,1,
20219,987,Oxalidaceae,Oxalis bowiei W. T. Aiton ex G. Don,,,PIP (CAP),,,,,,,,1,
12127,988,Oxalidaceae,Oxalis corniculata L.,,,Arc.,,,,,,,,1,1
12139,993,Oxalidaceae,Oxalis triangularis A. St.-Hil. subsp. papilionacea (Hoffmanns. ex Zucc.) Lourteig,,,,,,,,,,,1,
6739,1009,Euphorbiaceae,Euphorbia hypericifolia L.,,,IAP (NP),,,,,,,,1,1
6750,1015,Euphorbiaceae,Euphorbia marginata Pursh,,,PIP (CAP),,,,,,,,1,
6753,1016,Euphorbiaceae,Euphorbia milii Des Moul.,,,,,,,,,,,1,
6777,1022,Euphorbiaceae,Euphorbia pulcherrima Willd. ex Klotzsch,,,,,,,,,,,1,
14779,1029,Euphorbiaceae,Ricinus communis L.,,,PIP (CAP),,,,,,,,1,
16910,1030,Euphorbiaceae,Triadica sebifera (L.) Small,,,,,,,,,,,1,
17256,1031,Euphorbiaceae,Vernicia fordii (Hemsl.) Airy Shaw,,,PIP (CAP),,,,,,,,1,
17258,1032,Euphorbiaceae,Vernicia montana Lour.,,,,,,,,,,,1,
8881,1040,Hypericaceae,Hypericum galioides Lam.,,,,,,,,,,,1,
8896,1045,Hypericaceae,Hypericum patulum Thunb.,,,,,,,,,,,1,
10542,1050,Linaceae,Linum usitatissimum L.,,,PIP (CAP),,,,,,,,1,
12358,1052,Passifloraceae,Passiflora caerulea L.,,,,,,,,,,,1,
13483,1060,Salicaceae,Populus alba L.,,,PIP (CAP),,,,,,,,1,
13484,1061,Salicaceae,Populus cathayana Rehder,,,,,,,,,,,1,
13489,1065,Salicaceae,Populus deltoides W. Bartram ex Marshall,,,,,,,,,,,1,
13500,1070,Salicaceae,Populus nigra L. var. italica Koehne,,,PIP (CAP),,,,,,,,1,
13502,1071,Salicaceae,Populus sieboldii Miq.,,,,,,,,,,,1,
20251,1073,Salicaceae,Populus × canadensis Moench,,,PIP (CAP),,,,,,,,1,1
13482,1074,Salicaceae,Populus × tomentiglandulosa T. B. Lee,,,,1,,,1,,,1,1,
15097,1075,Salicaceae,Salix babylonica L.,,,Arc.,,,,,,,,1,1
15131,1093,Salicaceae,Salix humilis Marshall,,,,,,,,,,,1,
15142,1100,Salicaceae,Salix matsudana Koidz. forma tortuosa Vilm. ex Rehder,,,PIP (CAP),,,,,,,,1,
15152,1105,Salicaceae,Salix purpurea L.,,,,,,,,,,,1,
15154,1106,Salicaceae,Salix purpurea L. var. lambertiana (Sm.) W. D. J. Koch,,,,,,,,,,,1,
15161,1111,Salicaceae,Salix sachalinensis F. Schmidt,,,,,,,,,,,1,
17756,1126,Salicaceae,Xylosma congesta (Lour.) Merr.,,,,,,,,Ⅲ,,1,1,
17563,1165,Violaceae,Viola papilionacea Pursh,,,IAP (NP),,,,,,,,1,1
17592,1181,Violaceae,Viola tricolor L.,,,,,,,,,,,1,
17608,1193,Violaceae,Viola × wittrockiana Gams,,,,,,,,,,,1,
76,1194,Fabaceae,Acacia retinodes Schltdl.,,,,,,,,,,,1,
786,1196,Fabaceae,Albizia julibrissin Durazz.,,,,,,,1,,,1,1,
789,1197,Fabaceae,Albizia julibrissin Durazz. var. rosea (Carrière) Mouillefert,,,,,,,,,,,1,
1054,1200,Fabaceae,Amorpha brachycarpa E. J. Palmer,,,,,,,,,,,1,
1055,1201,Fabaceae,Amorpha canescens Pursh,,,PIP (CAP),,,,,,,,1,
1056,1202,Fabaceae,Amorpha fruticosa L.,,,IAP (NP),,,,,,,,1,1
1389,1204,Fabaceae,Arachis hypogaea L.,,,,,,,,,,,1,
20048,1209,Fabaceae,Astragalus mongholicus Bunge var. dahuricus (DC.) Podlech,cancel,,,,,,1,,,1,1,
1955,1214,Fabaceae,Astragalus sinicus L.,,,IAP (NP),,,,,,,,1,1
3139,1219,Fabaceae,Canavalia ensiformis (L.) DC.,,,,,,,,,,,1,
3141,1220,Fabaceae,Canavalia gladiata (Jacq.) DC.,,,,,,,,,,,1,
3170,1224,Fabaceae,Caragana sinica (Buc'hoz) Rehder,,,PIP (UN),,,,,,,,1,
3880,1226,Fabaceae,Cercis canadensis L.,,,,,,,,,,,1,
3876,1227,Fabaceae,Cercis canadensis L. forma alba Rehder,,,,,,,,,,,1,
3884,1228,Fabaceae,Cercis chinensis Bunge,,,PIP (UN),,,,,,,,1,
3885,1229,Fabaceae,Cercis chinensis Bunge forma alba S. C. Hsu,,,,,,,,,,,1,
5328,1232,Fabaceae,Cytisus scoparius (L.) Link,,,PIP (UN),,,,,,,,1,
7192,1245,Fabaceae,Galega officinalis L.,,,PIP (UN),,,,,,,,1,
7528,1246,Fabaceae,Gleditsia japonica Miq.,,,,,,,,,,1,1,
7529,1248,Fabaceae,Gleditsia japonica Miq. forma inarmata Nakai,,,,,,,,,,1,1,
7533,1249,Fabaceae,Gleditsia sinensis Lam.,,,,,,,,,,,1,
7563,1250,Fabaceae,Glycine max (L.) Merr.,,,,,,,,,,,1,
7566,1252,Fabaceae,Glycyrrhiza pallidiflora Maxim.,,,,,,,,,,,1,
7568,1253,Fabaceae,Glycyrrhiza uralensis Fisch. ex DC.,,,,,,,,,,,1,
9343,1260,Fabaceae,Indigofera bungeana Walp.,,,IAP (CAP),,,,,,,,1,1
9950,1268,Fabaceae,Lablab purpureus (L.) Sweet,,,,,,,,,,,1,
20221,1269,Fabaceae,Lathyrus aphaca L.,,,PIP (UN),,,,,,,,1,
10065,1275,Fabaceae,Lathyrus odoratus L.,,,,,,,,,,,1,
10195,1288,Fabaceae,Lespedeza davidii Franch.,,,PIP (UN),,,,,,,,1,
10198,1290,Fabaceae,Lespedeza floribunda Bunge,,,PIP (UN),,,,,,,,1,1
20222,1323,Fabaceae,Lotus tenuis Waldst. & Kit. ex Willd.,,,PIP (UN),,,,,,,,1,
10743,1325,Fabaceae,Lupinus angustifolius L.,,,PIP (UN),,,,,,,,1,
11447,1338,Fabaceae,Mimosa pudica L.,,,PIP (CAP),,,,,,,,1,
12631,1344,Fabaceae,Phaseolus multiflorus Willd.,,,,,,,,,,,1,
12635,1345,Fabaceae,Phaseolus vulgaris L.,,,,,,,,,,,1,
13132,1346,Fabaceae,Pisum sativum L.,,,,,,,,,,,1,
13133,1347,Fabaceae,Pisum sativum L. var. arvense (L.) Poir.,,,,,,,,,,,1,
14780,1351,Fabaceae,Robinia hispida L.,,,,,,,,,,,1,
14785,1352,Fabaceae,Robinia pseudoacacia L.,,,IAP (NP),,,,,,,,1,1
14786,1353,Fabaceae,Robinia pseudoacacia L. var. umbraculifera DC.,,,,,,,,,,,1,
15865,1355,Fabaceae,Senna occidentalis (L.) Link,,,PIP (CAP),,,,,,,,1,
15867,1356,Fabaceae,Senna tora (L.) Roxb.,,,Arc.,,,,,,,,1,1
16088,1358,Fabaceae,Sophora japonica L.,,,PIP (CAP),,,,,,,,1,
17100,1370,Fabaceae,Ulex europaeus L.,,,PIP (CAP),,,,,,,,1,
17442,1380,Fabaceae,Vicia bungei Ohwi,,,,,,,1,Ⅳ,Northern,,1,
17480,1408,Fabaceae,Vicia villosa Roth,,,IAP (NP),,,,,,,,1,1
17483,1409,Fabaceae,Vigna angularis (Willd.) Ohwi & H. Ohashi,,,,,,,,,,,1,
17489,1412,Fabaceae,Vigna radiata (L.) R. Wilczek,,,,,,,,,,,1,
17490,1413,Fabaceae,Vigna umbellata (Thunb.) Ohwi & H. Ohashi,,,,,,,,,,,1,
17491,1414,Fabaceae,Vigna unguiculata (L.) Walp.,,,,,,,,,,,1,
17695,1416,Fabaceae,Wisteria floribunda (Willd.) DC.,,,Arc.,,,,,Ⅳ,,1,1,1
13327,1423,Polygalaceae,Polygala tenuifolia Willd.,,CR,,,,NT,,Ⅳ,,1,1,
3156,1426,Cannabaceae,Cannabis sativa L.,,,Arc.,,,,,,,,1,1
3788,1436,Cannabaceae,Celtis sinensis Pers.,,,,,,,,,,1,1,
8716,1438,Cannabaceae,Humulus lupulus L.,,,,,,,,,,,1,
6181,1443,Elaeagnaceae,Elaeagnus multiflora Thunb.,,,,,,,,,,,1,
8454,1452,Elaeagnaceae,Hippophae rhamnoides L.,,,,,,,,,,,1,
2451,1453,Moraceae,Broussonetia kazinoki Siebold,,,,1,,,1,,,1,1,
2455,1455,Moraceae,Broussonetia papyrifera (L.) L'Her. ex Vent,,,,,,,1,,,1,1,
5127,1458,Moraceae,Cudrania tricuspidata Bureau ex Lavallée,,,,,,,1,,,1,1,
6938,1460,Moraceae,Ficus benghalensis L.,,,,,,,,,,,1,
6939,1461,Moraceae,Ficus benjamina L.,,,,,,,,,,,1,
6942,1462,Moraceae,Ficus carica L.,,,PIP (CAP),,,,,,,,1,
6946,1463,Moraceae,Ficus elastica Roxb.,,,,,,,,,,,1,
6955,1466,Moraceae,Ficus lyrata Warb.,,,,,,,,,,,1,
11568,1469,Moraceae,Morus alba L.,,,Arc.,,,,,,,,1,1
8706,1481,Rhamnaceae,Hovenia dulcis Thunb.,,,,,,,1,Ⅰ,,1,1,
17844,1497,Rhamnaceae,Ziziphus jujuba Mill. var. inermis (Bunge) Rehder,,,,,,,1,,,,1,
3903,1505,Rosaceae,Chaenomeles japonica (Thunb.) Lindl. ex Spach,,,PIP (CAP),,,,,,,,1,
3904,1506,Rosaceae,Chaenomeles sinensis (Thouin) Koehne,,,,,,,,,,,1,
3905,1507,Rosaceae,Chaenomeles speciosa (Sweet) Nakai,,,PIP (CAP),,,,,,,,1,
4889,1509,Rosaceae,Cotoneaster horizontalis Decne.,,,,,,,,,,,1,
4968,1514,Rosaceae,Crataegus pinnatifida Bunge,,,,,,,1,,,1,1,
4983,1521,Rosaceae,Crataegus scabrida Sarg.,,,,,,,,,,,1,
5973,1522,Rosaceae,Dryas octopetala L.,,,,,,,,,,1,1,
6475,1525,Rosaceae,Eriobotrya japonica (Thunb.) Lindl.,,,,,,,,,,,1,
6976,1531,Rosaceae,Filipendula koreana (Nakai) Nakai,,,,,,,,Ⅱ,,1,1,
7087,1537,Rosaceae,Fragaria × ananassa Duchesne ex Rozier,,,,,,,,,,,1,
9887,1540,Rosaceae,Kerria japonica (L.) DC.,,,PIP (CAP),,,,,,,,1,
9888,1541,Rosaceae,Kerria japonica (L.) DC. forma pleniflora (Witte) Rehder,,,,,,,,,,,1,
11220,1542,Rosaceae,Malus asiatica Nakai,,DD,,,,,,,,,1,
11227,1547,Rosaceae,Malus floribunda Siebold ex Van Houtte,,,,,,,,,,,1,
11231,1549,Rosaceae,Malus prunifolia (Willd.) Borkh.,,,,,,,,,,,1,
11233,1550,Rosaceae,Malus pumila Mill.,,,,,,,,,,,1,
12768,1555,Rosaceae,Photinia glabra (Thunb.) Maxim.,,,,,,,,,,,1,
12823,1557,Rosaceae,Physocarpus intermedius (Rydb.) C. K. Schneid.,,,,,,,,,,,1,
13723,1596,Rosaceae,Prunus armeniaca L.,,,,,,,,,,,1,
13729,1597,Rosaceae,Prunus avium (L.) L.,,,,,,,,,,,1,
13735,1599,Rosaceae,Prunus cerasifera Ehrh.,,,,,,,,,,,1,
13738,1600,Rosaceae,Prunus cerasus L.,,,,,,,,,,,1,
13745,1603,Rosaceae,Prunus domestica L.,,,,,,,,,,,1,
13755,1604,Rosaceae,Prunus glandulosa Thunb.,,,,,,,,,,,1,
13756,1605,Rosaceae,Prunus glandulosa Thunb. forma albiplena Koehne,,,,,,,,,,,1,
13757,1606,Rosaceae,Prunus glandulosa Thunb. forma sinensis (Pers.) Koehne,,,,,,,,,,,1,
13812,1621,Rosaceae,Prunus mume (Siebold) Siebold & Zucc.,,,,,,,,,,,1,
13813,1622,Rosaceae,Prunus mume (Siebold) Siebold & Zucc. forma alba (Carrière) Rehder,,,,,,,,,,,1,
13820,1623,Rosaceae,Prunus mume (Siebold) Siebold & Zucc. forma alboplena (L. H. Bailey) Rehder,,,,,,,,,,,1,
13816,1624,Rosaceae,Prunus mume (Siebold) Siebold & Zucc. forma alphandi (Carrière) Rehder,,,,,,,,,,,1,
13850,1630,Rosaceae,Prunus persica (L.) Batsch,,,Arc.,,,,,,,,1,1
13857,1631,Rosaceae,Prunus persica (L.) Batsch var. nectarina Maxim.,,,,,,,,,,,1,
13851,1632,Rosaceae,Prunus persica (L.) Batsch forma aganopersica (Rchb.) Voss,,,,,,,,,,,1,
13852,1633,Rosaceae,Prunus persica (L.) Batsch forma alba (Lindl.) C. K. Schneid.,,,,,,,,,,,1,
13854,1634,Rosaceae,Prunus persica (L.) Batsch forma alboplena C. K. Schneid.,,,,,,,,,,,1,
13856,1635,Rosaceae,Prunus persica (L.) Batsch forma rubroplena C. K. Schneid.,,,,,,,,,,,1,
13885,1636,Rosaceae,Prunus salicina Lindl.,,,,,,,,,,,1,
13886,1637,Rosaceae,Prunus salicina Lindl. var. columnaris (Uyeki) Uyeki,,,,,,,,,,,1,
13892,1639,Rosaceae,Prunus serotina Ehrh.,,,,,,,,,,,1,
13912,1647,Rosaceae,Prunus spachiana (Lavallée ex H. Otto) Kitam.,,,,,,,,,,,1,
13914,1649,Rosaceae,Prunus speciosa (Koidz.) Nakai,,,PIP (CAP),,,,,,,,1,
13926,1651,Rosaceae,Prunus tomentosa Thunb.,,,PIP (CAP),,,,,,,,1,
20089,1657,Rosaceae,Prunus × yedoensis Matsum.,,,,,,,,,,,1,
14106,1658,Rosaceae,Pyracantha angustifolia (Franch.) C. K. Schneid.,,,,,,,,,,,1,
14146,1660,Rosaceae,Pyrus communis L.,,,,,,,,,,,1,
14152,1664,Rosaceae,Pyrus pyrifolia (Burm. f.) Nakai var. cultiva (Makino) Nakai,,,,,,,,,,,1,
14158,1666,Rosaceae,Pyrus ussuriensis Maxim.,,,,,,,1,Ⅰ,,1,1,
14162,1670,Rosaceae,Pyrus ussuriensis Maxim. var. macrostipes (Nakai) T. B. Lee,,,,,,,,,,,1,
14345,1679,Rosaceae,Rhaphiolepis indica (L.) Lindl. var. umbellata (Thunb.) Ohashi,,,,,1,,1,Ⅲ,Southern,1,1,
14811,1682,Rosaceae,Rosa banksiae R. Br.,,,,,,,,,,,1,
14813,1683,Rosaceae,Rosa chinensis Jacq.,,,,,,,,,,,1,
14869,1696,Rosaceae,Rosa multiflora Thunb. var. platyphylla Thory,,,PIP (CAP),,,,,,,,1,
14884,1698,Rosaceae,Rosa rugosa Thunb.,,,,,,,1,Ⅱ,,1,1,
14885,1701,Rosaceae,Rosa rugosa Thunb. forma plena (Regel) Bijh.,,,,,,,,,,,1,
14901,1708,Rosaceae,Rosa xanthina Lindl.,,,,,,,,,,,1,
14946,1715,Rosaceae,Rubus coreanus Miq.,,,,,,,1,,,1,1,
14976,1730,Rosaceae,Rubus occidentalis L.,,,,,,,,,,,1,
15290,1750,Rosaceae,Sanguisorba minor Scop.,,,PIP (UN),,,,,,,,1,
16096,1760,Rosaceae,Sorbaria sorbifolia (L.) A. Braun var. stellipila Maxim.,,,,,,,1,Ⅲ,,1,1,
16102,1763,Rosaceae,Sorbus alnifolia (Siebold & Zucc.) C. Koch,,,,,,,1,,,1,1,
16127,1772,Rosaceae,Sorbus commixta Hedl.,,,,,,,1,Ⅱ,,1,1,
16195,1780,Rosaceae,Spiraea cantoniensis Lour.,,,PIP (CAP),,,,,,,,1,
16210,1787,Rosaceae,Spiraea japonica L. f.,,,,,,,,,,,1,
16224,1793,Rosaceae,Spiraea prunifolia Siebold & Zucc. var. simpliciflora (Nakai) Nakai,,,,,,,1,,,1,1,
16235,1799,Rosaceae,Spiraea thunbergii Siebold ex Blume,,,PIP (CAP),,,,,,,,1,
16318,1803,Rosaceae,Stephanandra tanakae Franch. & Sav.,,,,,,,,,,,1,
17117,1812,Ulmaceae,Ulmus parvifolia Jacq.,,,,,,,1,Ⅰ,,1,1,
17815,1815,Ulmaceae,Zelkova serrata (Thunb.) Makino,,,,,,,1,,,1,1,
2320,1819,Urticaceae,Boehmeria nivea (L.) Gaudich.,,,,,,,,,,1,1,
2107,1851,Begoniaceae,Begonia semperflorens Link & Otto,,,,,,,,,,,1,
2119,1853,Cucurbitaceae,Benincasa hispida (Thunb.) Cogn.,,,,,,,,,,,1,
4265,1854,Cucurbitaceae,Citrullus battich Forssk.,,,PIP (CAP),,,,,,,,1,
5118,1855,Cucurbitaceae,Cucumis melo L.,,,PIP (CAP),,,,,,,,1,
5119,1856,Cucurbitaceae,Cucumis melo L. var. makuwa Makino,,,,,,,,,,,1,
5121,1857,Cucurbitaceae,Cucumis sativus L.,,,,,,,,,,,1,
5123,1858,Cucurbitaceae,Cucurbita moschata Duchesne,,,,,,,,,,,1,
9983,1860,Cucurbitaceae,Lagenaria leucantha Rusby var. gourda (Ser.) Makino,,,,,,,,,,,1,
9987,1861,Cucurbitaceae,Lagenaria siceraria (Molina) Standl. var. depressa (Ser.) H. Hara,,,,,,,,,,,1,
10737,1862,Cucurbitaceae,Luffa cylindrica (L.) M. Roem.,,,,,,,,,,,1,
11527,1864,Cucurbitaceae,Momordica charantia L.,,,,,,,,,,,1,
16919,1869,Cucurbitaceae,Trichosanthes kirilowii Maxim.,,,,,,,1,,,1,1,
16920,1870,Cucurbitaceae,Trichosanthes kirilowii Maxim. var. japonica (Miq.) Kitam.,,,,,,,1,Ⅲ,,1,1,
917,1872,Betulaceae,Alnus firma Siebold & Zucc.,,,PIP (CAP),,,,,,,,1,
925,1873,Betulaceae,Alnus hirsuta Turcz. ex Rupr.,,,,,,,,,,1,1,
947,1883,Betulaceae,Alnus pendula Matsum.,,,PIP (CAP),,,,,,,,1,
2219,1891,Betulaceae,Betula fruticosa Pall.,,,,,,,,,,1,1,
2238,1893,Betulaceae,Betula pendula Roth,,,,,,,,,,1,1,
3589,1903,Betulaceae,Carpinus turczaninowii Hance,,,,,,,,Ⅰ,,1,1,
3677,1910,Fagaceae,Castanea crenata Siebold & Zucc.,,,,,,,,,,1,1,
3685,1911,Fagaceae,Castanea crenata Siebold & Zucc. var. kusakuri (Blume) A. Camus,,,,,,,,,,1,1,
3690,1912,Fagaceae,Castanea mollissima Blume,,,,,,,,,,1,1,
14196,1919,Fagaceae,Quercus acutissima Carruth.,,,,,,,1,,,1,1,
14200,1920,Fagaceae,Quercus aliena Blume,,,,,,,,,,1,1,
14224,1931,Fagaceae,Quercus ilex L.,,,,,,,,,,,1,
14229,1932,Fagaceae,Quercus mongolica Fisch. ex Ledeb.,,,,,,,,,,1,1,
14238,1936,Fagaceae,Quercus palustris Munchh.,,,,,,,,,,,1,
14240,1937,Fagaceae,Quercus phillyreoides A. Gray,,,,,,,,,,,1,
14245,1938,Fagaceae,Quercus rubra L.,,,,,,,,,,,1,
14251,1941,Fagaceae,Quercus serrata Murray,,,,,,,,,,1,1,
14255,1943,Fagaceae,Quercus variabilis Blume,,,,,,,1,,,1,1,
9693,1956,Juglandaceae,Juglans regia L.,,,,,,,,,,,1,
14028,1959,Juglandaceae,Pterocarya rhoifolia Siebold & Zucc.,,,,,,,,,,,1,
14029,1960,Juglandaceae,Pterocarya stenoptera C. DC.,,,IAP (NP),,,,,,,,1,1
6524,1963,Geraniaceae,Erodium moschatum (L.) L'Hér.,,,,,,,,,,,1,
7450,1992,Geraniaceae,Geranium wlassovianum Fisch. ex Link,,,,,,,,,,1,1,
12402,1993,Geraniaceae,Pelargonium inquinans (L.) L'Hér.,,,,,,,,,,,1,
9993,1996,Lythraceae,Lagerstroemia indica L.,,,Arc.,,,,,,,,1,1
9994,1997,Lythraceae,Lagerstroemia indica L. forma alba (W. A. Nicholson) Rehder,,,,,,,,,,,1,
14099,2000,Lythraceae,Punica granatum L.,,,,,,,,,,,1,
2677,2014,Myrtaceae,Callistemon speciosus (Sims) Sweet,,,,,,,,,,,1,
4010,2015,Onagraceae,Chamerion angustifolium (L.) Holub,,EN,,,,VU,1,Ⅳ,Northern,1,1,
7165,2037,Onagraceae,Fuchsia hybrida hort. ex Siebold & Voss,,,,,,,,,,,1,
7289,2038,Onagraceae,Gaura lindheimeri Engelm. & A. Gray,,,PIP (CAP),,,,,,,,1,
20185,2042,Onagraceae,Ludwigia peploides (Kunth) P. H. Raven subsp. montevidensis (Spreng.) P.H. Raven,,,PIP (CAP),,,,,,,,1,1
11926,2044,Onagraceae,Oenothera fruticosa L.,,,,,,,,,,,1,
11934,2047,Onagraceae,Oenothera macrocarpa Nutt.,,,IAP (CAP),,,,,,,,1,1
11940,2048,Onagraceae,Oenothera rosea L'Hér. ex Aiton,,,IAP (CAP),,,,,,,,1,1
11942,2049,Onagraceae,Oenothera speciosa Nutt.,,,PIP (CAP),,,,,,,,1,1
11947,2051,Onagraceae,Oenothera tetragona Roth,,,,,,,,,,,1,
16279,2052,Stachyuraceae,Stachyurus praecox Siebold & Zucc.,,,,,,,,,,1,1,
4860,2055,Anacardiaceae,Cotinus coggygria Scop.,,,,,,,,,,,1,
16854,2061,Anacardiaceae,Toxicodendron vernicifluum (Stokes) F. A. Barkley,,,Arc.,,,,,,,,1,1
3732,2062,Meliaceae,Cedrela sinensis Juss.,,,Arc.,,,,,,,,1,1
11348,2063,Meliaceae,Melia azedarach L.,,,Arc.,,1,,,Ⅲ,,,1,1
4268,2064,Rutaceae,Citrus aurantium L.,,,,,,,,,,,1,
4269,2065,Rutaceae,Citrus junos Siebold ex Tanaka,,,,,,,,,,,1,
4272,2066,Rutaceae,Citrus medica L.,,,,,,,,,,,1,
4274,2067,Rutaceae,Citrus natsudaidai Hayata,,,,,,,,,,,1,
4275,2068,Rutaceae,Citrus sinensis (L.) Osbeck,,,,,,,,,,,1,
4277,2070,Rutaceae,Citrus unshiu (Swingle) Marcow.,,,,,,,,,,,1,
4279,2071,Rutaceae,Citrus × aurantium L.,,,,,,,,,,,1,
6610,2074,Rutaceae,Euodia daniellii (Benn.) Hemsl.,,,,,,,,,,,1,
7072,2075,Rutaceae,Fortunella japonica (Thunb.) Swingle,,,,,,,,,,,1,
7073,2076,Rutaceae,Fortunella japonica (Thunb.) Swingle var. magarita (Swingle) Makino,,,,,,,,,,,1,
13476,2082,Rutaceae,Poncirus trifoliata (L.) Raf.,,,,,,,,Ⅲ,,,1,
16602,2083,Rutaceae,Tetradium ruticarpum (A. Juss.) T. G. Hartley,,,,,,,,,,,1,
108,2095,Sapindaceae,Acer buergerianum Miq.,,,PIP (CAP),,,,,,,,1,
158,2099,Sapindaceae,Acer mandshuricum Maxim.,,,,,,,,Ⅲ,Northern,1,1,
172,2105,Sapindaceae,Acer negundo L.,,,,,,,,,,,1,
173,2106,Sapindaceae,Acer negundo L. var. violaceum Booth ex G. Kirchn.,,,,,,,,,,,1,
181,2108,Sapindaceae,Acer opalus Mill.,,,,,,,,,,,1,
249,2110,Sapindaceae,Acer palmatum Thunb. var. dissectum (Thunb.) Miq.,,,,,,,,,,,1,
259,2111,Sapindaceae,Acer palmatum Thunb. var. matsumurae (Koidz.) Makino,,,,,,,,,,,1,
241,2112,Sapindaceae,Acer palmatum Thunb. var. nakaii Uyeki,,,,,,,,,,1,1,
309,2119,Sapindaceae,Acer pubipalmatum W. P. Fang,,,,,,,,,,,1,
310,2120,Sapindaceae,Acer pycnanthum K. Koch,,,,,,,,,,,1,
315,2121,Sapindaceae,Acer rubrum L.,,,,,,,,,,,1,
319,2122,Sapindaceae,Acer rufinerve Siebold & Zucc.,,,,,,,,,,,1,
320,2123,Sapindaceae,Acer saccharinum L.,,,PIP (CAP),,,,,,,,1,
322,2124,Sapindaceae,Acer saccharum Marshall,,,,,,,,,,,1,
325,2125,Sapindaceae,Acer serrulatum Hayata,,,,,,,,,,,1,
332,2126,Sapindaceae,Acer spicatum Lam.,,,,,,,,,,,1,
346,2130,Sapindaceae,Acer triflorum Kom.,,,,,,,1,Ⅲ,Northern,1,1,
353,2134,Sapindaceae,Acer velutinum Boiss.,,,,,,,,,,,1,
621,2135,Sapindaceae,Aesculus hippocastanum L.,,,,,,,,,,,1,
629,2136,Sapindaceae,Aesculus turbinata Blume,,,PIP (CAP),,,,,,,,1,
3206,2137,Sapindaceae,Cardiospermum halicacabum L.,,,,,,,,,,,1,
9935,2138,Sapindaceae,Koelreuteria paniculata Laxm.,,VU,,,,,1,Ⅲ,,1,1,
15323,2139,Sapindaceae,Sapindus mukorossi Gaertn.,,,,,,,,Ⅲ,,,1,
744,2140,Simaroubaceae,Ailanthus altissimus (Mill.) Swingle,,,Arc.,,,,,,,,1,1
67,2143,Malvaceae,Abutilon theophrasti Medik.,,,Arc.,,,,,,,,1,1
997,2144,Malvaceae,Althaea cannabina L.,,,,,,,,,,,1,
999,2145,Malvaceae,Althaea rosea (L.) Cav.,,,PIP (UN),,,,,,,,1,
1247,2146,Malvaceae,Anisodontea capensis (L.) D. M. Bates,,,,,,,,,,,1,
1252,2147,Malvaceae,Anoda cristata (L.) Schltdl.,,,PIP (CAP),,,,,,,,1,1
4616,2151,Malvaceae,Corchorus capsularis L.,,,PIP (CAP),,,,,,,,1,
7030,2152,Malvaceae,Firmiana simplex (L.) W. Wight,,,Arc.,,,,,,,,1,1
7593,2153,Malvaceae,Gossypium indicum Lam.,,,,,,,,,,,1,
7615,2155,Malvaceae,Grewia occidentalis L.,,,,,,,,,,,1,
8220,2157,Malvaceae,Hibiscus cannabinus L.,,,,,,,,,,,1,
8221,2158,Malvaceae,Hibiscus diversifolius Jacq.,,,,,,,,,,,1,
8224,2160,Malvaceae,Hibiscus lavateroides Moric.,,,,,,,,,,,1,
8226,2161,Malvaceae,Hibiscus manihot L.,,,,,,,,,,,1,
8227,2162,Malvaceae,Hibiscus moscheutos L.,,,,,,,,,,,1,
8229,2163,Malvaceae,Hibiscus mutabilis L.,,,PIP (CAP),,,,,,,,1,
8233,2164,Malvaceae,Hibiscus rosa-sinensis L.,,,,,,,,,,,1,
8334,2165,Malvaceae,Hibiscus syriacus L.,,,PIP (CAP),,,,,,,,1,
8428,2166,Malvaceae,Hibiscus syriacus L. var. micranthus Y. N. Lee & K. B. Yim,,,,,,,,,,,1,
11253,2172,Malvaceae,Malva verticillata L.,,,PIP (UN),,,,,,,,1,
16797,2180,Malvaceae,Tilia kiusiana Makino & Shiras.,,,,,,,,,,,1,
16802,2185,Malvaceae,Tilia miqueliana Maxim.,,,,,,,,,,,1,
5376,2194,Thymelaeaceae,Daphne odora Thunb.,,,,,,,,,,,1,
6163,2197,Thymelaeaceae,Edgeworthia chrysantha Lindl.,,,PIP (CAP),,,,,,,,1,
1007,2202,Brassicaceae,Alyssum wulfenianum Benth. ex Willd.,,,,,,,,,,,1,
1354,2203,Brassicaceae,Arabidopsis thaliana (L.) Heynh.,,,,,,,,Ⅳ,,1,1,
1528,2218,Brassicaceae,"Armoracia rusticana G. Gaertn., B. Mey. & Scherb.",,,IAP (CAP),,,,,,,,1,1
2388,2223,Brassicaceae,Brassica juncea (L.) Czern.,,,Arc.,,,,,,,,1,1
2390,2224,Brassicaceae,Brassica napus L.,,,Arc.,,,,,,,,1,1
2392,2225,Brassicaceae,Brassica oleracea L. var. botrytis L.,,,,,,,,,,,1,
2393,2226,Brassicaceae,Brassica oleracea L. var. capitata L.,,,,,,,,,,,1,
2395,2227,Brassicaceae,Brassica oleracea L. var. italica Plenck,,,,,,,,,,,1,
2402,2228,Brassicaceae,Brassica rapa L.,,,,,,,,,,,1,
2404,2229,Brassicaceae,Brassica rapa L. var. glabra Regel,,,,,,,,,,,1,
2728,2232,Brassicaceae,Camelina sativa (L.) Crantz,,,IAP (NP),,,,,,,,1,1
3161,2233,Brassicaceae,Capsella bursa-pastoris (L.) Medik.,,,,,,,,,,1,1,
3195,2252,Brassicaceae,Cardamine pratensis L.,,,,,,,,,,,1,
4022,2259,Brassicaceae,Cheiranthus cheiri L.,,,,,,,,,,,1,
20224,2263,Brassicaceae,Conringia orientalis (L.) C. Presl,,,PIP (UN),,,,,,,,1,
4928,2265,Brassicaceae,Crambe cordifolia Steven,,,,,,,,,,,1,
5519,2266,Brassicaceae,Descurainia pinnata Britton,,,PIP (UN),,,,,,,,1,1
6529,2279,Brassicaceae,Erucastrum gallicum O. E. Schulz,,,PIP (UN),,,,,,,,1,1
6822,2283,Brassicaceae,Eutrema wasabi (Siebold) Maxim.,cancel,DD,,,,DD,1,Ⅳ,,1,1,
8923,2284,Brassicaceae,Iberis amara L.,,,PIP (CAP),,,,,,,,1,
10143,2286,Brassicaceae,Lepidium apetalum Willd.,,,PIP (UN),,,,,,,,1,1
20225,2290,Brassicaceae,Lepidium densiflorum Schrad.,,,PIP (UN),,,,,,,,1,
10150,2292,Brassicaceae,Lepidium latifolium L.,,,PIP (UN),,,,,,,,1,1
10153,2295,Brassicaceae,Lepidium ruderale L.,,,PIP (UN),,,,,,,,1,1
10154,2296,Brassicaceae,Lepidium sativum L.,,,PIP (UN),,,,,,,,1,
10629,2299,Brassicaceae,Lobularia maritima (L.) Desv.,,,,,,,,,,,1,
11629,2300,Brassicaceae,Myagrum perfoliatum L.,,,PIP (UN),,,,,,,,1,1
11707,2301,Brassicaceae,Nasturtium officinale R. Br.,,,IAP (NP),,,,,,,,1,1
11799,2302,Brassicaceae,Neslia paniculata (L.) Desv.,,,PIP (UN),,,,,,,,1,1
12067,2303,Brassicaceae,Orychophragmus violaceus (L.) O. E. Schulz,,,PIP (CAP),,,,,,,,1,1
14315,2304,Brassicaceae,Raphanus raphanistrum L.,,,PIP (UN),,,,,,,,1,1
14316,2305,Brassicaceae,Raphanus sativus L.,,,,,,,,,,,1,
14319,2307,Brassicaceae,Rapistrum rugosum (L.) All.,,,PIP (UN),,,,,,,,1,1
16705,2323,Brassicaceae,Thlaspi arvense L.,,,Arc.,,,,,,,,1,1
4422,2325,Cleomaceae,Cleome spinosa Jacq.,,,,,,,,,,,1,
17013,2326,Tropaeolaceae,Tropaeolum majus L.,,,,,,,,,,,1,
10019,2334,Aizoaceae,Lampranthus aureus N. E. Br.,,,,,,,,,,,1,
10021,2335,Aizoaceae,Lampranthus spectabilis (Haw.) N. E. Br.,,,,,,,,,,,1,
20226,2339,Amaranthaceae,Alternanthera sessilis (L.) R. Br. ex DC.,,,PIP (CAP),,,,,,,,1,
1008,2340,Amaranthaceae,Amaranthus albus L.,,,PIP (UN),,,,,,,,1,1
1009,2341,Amaranthaceae,Amaranthus arenicola I. M. Johnst.,,,PIP (UN),,,,,,,,1,1
1011,2342,Amaranthaceae,Amaranthus caudatus L.,,,IAP (NP),,,,,,,,1,1
1014,2345,Amaranthaceae,Amaranthus lividus L.,,,Arc.,,,,,,,,1,1
1017,2347,Amaranthaceae,Amaranthus palmeri S. Watson,,,PIP (UN),,,,,,,,1,1
1019,2350,Amaranthaceae,Amaranthus retroflexus L.,,,PIP (UN),,,,,,,,1,1
1021,2352,Amaranthaceae,Amaranthus tricolor L.,,,PIP (UN),,,,,,,,1,
2203,2360,Amaranthaceae,Beta vulgaris L. var. altissima Döll,,,,,,,,,,,1,
2205,2361,Amaranthaceae,Beta vulgaris L. var. cicla L.,,,,,,,,,,,1,
3765,2363,Amaranthaceae,Celosia argentea L. var. plumosa Voss,,,,,,,,,,,1,
3767,2364,Amaranthaceae,Celosia cristata L.,,,,,,,,,,,1,
4051,2375,Amaranthaceae,Chenopodium hybridum L.,,,PIP (UN),,,,,,,,1,1
7577,2385,Amaranthaceae,Gomphrena globosa L.,,,PIP (CAP),,,,,,,,1,
9923,2386,Amaranthaceae,Kochia scoparia (L.) Schrad.,,,IAP (NP),,,,,,,,1,1
16190,2392,Amaranthaceae,Spinacia oleracea L.,,,,,,,,,,,1,
11999,2399,Cactaceae,Opuntia ficusindica (L.) Mill.,,,PIP (CAP),,,,,,,1,1,
12001,2400,Cactaceae,Opuntia humifusa (Raf.) Raf.,,,PIP (CAP),,,,,,,,1,
20112,2401,Cactaceae,Opuntia monacantha Haw.,,,PIP (CAP),,,,,,,,1,1
17863,2402,Cactaceae,Zygocactus truncatus K. Schum.,,,,,,,,,,,1,
718,2403,Caryophyllaceae,Agrostemma githago L.,,,PIP (UN),,,,,,,,1,
5587,2417,Caryophyllaceae,Dianthus armeria L.,,,IAP (CAP),,,,,,,,1,1
5589,2418,Caryophyllaceae,Dianthus barbatus L. var. aisaticus Nakai,,,PIP (CAP),,,,,,,1,1,
5604,2419,Caryophyllaceae,Dianthus caryophyllus L.,,,PIP (CAP),,,,,,,,1,
5616,2420,Caryophyllaceae,Dianthus chinensis L.,,,,,,,1,,,1,1,
5618,2421,Caryophyllaceae,Dianthus chinensis L. var. morii (Nakai) Y. C. Chu,,,,,,,,,,1,1,
5625,2424,Caryophyllaceae,Dianthus deltoides L.,,,,,,,,,,,1,
5642,2427,Caryophyllaceae,Dianthus longicalyx Miq.,,,,,,,1,,,1,1,
5663,2429,Caryophyllaceae,Dianthus superbus L.,,,,,,,,,,,1,
7694,2433,Caryophyllaceae,Gypsophila elegans M. Bieb.,,,,,,,,,,,1,
10776,2440,Caryophyllaceae,Lychnis coronaria (L.) Desr.,,,,,,,,,,,1,1
20227,2450,Caryophyllaceae,Psammophiliella muralis (L.) Ikonn.,,,PIP (CAP),,,,,,,,1,
15330,2480,Caryophyllaceae,Saponaria officinalis L.,,,IAP (CAP),,,,,,,,1,1
16182,2505,Caryophyllaceae,Spergularia marina (L.) Griseb,,,,,,,1,,,1,1,
17154,2521,Caryophyllaceae,Vaccaria hispanica (Mill.) Rauschert,,,PIP (UN),,,,,,,,1,1
5968,2526,Droseraceae,Drosera spatulata Labill.,,,,,,,,,,,1,
11464,2529,Nyctaginaceae,Mirabilis jalapa L.,,,IAP (NP),,,,,,,,1,1
12836,2530,Phytolaccaceae,Phytolacca acinosa Roxb.,,,Arc.,,,,1,Ⅳ,,,1,1
6835,2554,Polygonaceae,Fagopyrum esculentum Moench,,,Arc.,,,,,,,,1,1
6836,2555,Polygonaceae,Fagopyrum tataricum (L.) Gaertn.,,,PIP (UN),,,,,,,,1,
6876,2564,Polygonaceae,Fallopia multiflora (Thunb.) Haraldson,,,IAP (NP),,,,,,,,1,1
12563,2578,Polygonaceae,Persicaria wallichii Greuter & Burdet,,,PIP (UN),,,,,,,,1,1
13370,2587,Polygonaceae,Polygonum equisetiforme Sibth. & Sm.,,,PIP (UN),,,,,,,,1,1
13410,2618,Polygonaceae,Polygonum tinctorium Aiton,,,Arc.,,,,,,,,1,1
14361,2624,Polygonaceae,Rheum rhabarbarum L.,,,,,,,,,,,1,
13508,2639,Portulacaceae,Portulaca grandiflora Hook.,,,PIP (UN),,,,,,,,1,
16521,2641,Tamaricaceae,Tamarix chinensis Lour.,,,PIP (CAP),,,,,,,,1,
4677,2644,Cornaceae,Cornus alba L.,,,,,,,,,,1,1,
4686,2646,Cornaceae,Cornus controversa Hemsl.,,,,,,,,,,1,1,
4701,2647,Cornaceae,Cornus florida L.,,,,,,,,,,,1,
4696,2648,Cornaceae,Cornus florida L. forma rubra (André) E. J. Palmer & Steyerm.,,,,,,,,,,,1,
4712,2649,Cornaceae,Cornus kousa Bürger ex Hance,,,,,,,1,,,1,1,
4722,2650,Cornaceae,Cornus kousa Bürger ex Hance subsp. chinensis (Osborn) Q. Y. Xiang,,,,,,,,,,,1,
4735,2652,Cornaceae,Cornus officinalis Siebold & Zucc.,,,,,,,,,,,1,
5540,2654,Hydrangeaceae,Deutzia crenata Siebold & Zucc.,,,,,,,,,,,1,
5541,2655,Hydrangeaceae,Deutzia crenata Siebold & Zucc. forma plena Schneid.,,,,,,,,,,,1,
5565,2662,Hydrangeaceae,Deutzia scabra Thunb.,,,,,,,,,,,1,
8737,2666,Hydrangeaceae,Hydrangea arborescens L.,,,,,,,,,,,1,
8779,2668,Hydrangeaceae,Hydrangea macrophylla (Thunb.) Ser. var. normalis (E. H. Wilson) H. Hara,,,,,,,,,,,1,
8749,2669,Hydrangeaceae,Hydrangea macrophylla (Thunb.) Ser. forma otaksa (Siebold & Zucc.) E. H. Wilson,,,PIP (CAP),,,,,,,,1,
8790,2670,Hydrangeaceae,Hydrangea paniculata Siebold,,,,,,,,,,,1,
12654,2677,Hydrangeaceae,Philadelphus incanus Koehne,,,,,,,,,,,1,
5405,2689,Nyssaceae,Davidia involucrata Baill.,,,,,,,,,,,1,
20254,2693,Actinidiaceae,Actinidia chinensis Planch. var. deliciosa (A. Chev.) A. Chev.,,,PIP (CAP),,,,,,,,1,
9315,2699,Balsaminaceae,Impatiens balsamina L.,,,PIP (CAP),,,,,,,,1,
5799,2709,Ebenaceae,Diospyros kaki Thunb.,,,PIP (CAP),,,,,,,,1,
5802,2711,Ebenaceae,Diospyros rhombifolia Hemsl.,,,,,,,,,,,1,
6292,2718,Ericaceae,Enkianthus campanulatus (Miq.) G. Nicholson,,,,,,,,,,,1,
12936,2732,Ericaceae,Pieris japonica D. Don ex G. Don,,,,,,,,,,,1,
14504,2744,Ericaceae,Rhododendron indicum (L.) Sweet,,,,,,,,,,,1,
14515,2745,Ericaceae,Rhododendron japonicum C. K. Schneid. forma flavum (Miyoshi) Nakai,,,,,,,,,,,1,
14705,2765,Ericaceae,Rhododendron yedoense Maxim. ex Regel forma poukhanense (H. Lév.) M. Sugim.,,,,,,,1,,,1,1,
12714,2786,Polemoniaceae,Phlox drummondii Hook.,,,PIP (CAP),,,,,,,,1,
12729,2787,Polemoniaceae,Phlox paniculata L.,,,,,,,,,,,1,
12748,2788,Polemoniaceae,Phlox subulata L.,,,,,,,,,,,1,
1130,2795,Primulaceae,Androsace lehmanniana Spreng.,,,,,,,,,,1,1,
5181,2802,Primulaceae,Cyclamen persicum Mill.,,,,,,,,,,,1,
10862,2813,Primulaceae,Lysimachia nummularia L.,,,,,,,,,,,1,
14034,2830,Styracaceae,Pterostyrax hispidus Siebold & Zucc.,,,,,,,,,,,1,
2846,2840,Theaceae,Camellia japonica L.,,,,,1,,1,Ⅰ,,1,1,
2976,2842,Theaceae,Camellia sasanqua Thunb.,,,,,,,,,,,1,
2980,2843,Theaceae,Camellia sinensis (L.) Kuntze,,,PIP (CAP),,,,,,,,1,
16325,2844,Theaceae,Stewartia koreana Nakai ex Rehder,,,,1,,,1,Ⅲ,,1,1,
6602,2845,Eucommiaceae,Eucommia ulmoides Oliv.,,,,,,,,,,,1,
2039,2847,Garryaceae,Aucuba japonica Thunb. forma variegata (Dombrain) Rehder,,,,,,,,,,,1,
1665,2851,Apocynaceae,Asclepias curassavica L.,,,,,,,,,,,1,
3725,2852,Apocynaceae,Catharanthus roseus (L.) G. Don,,,,,,,,,,,1,
5215,2853,Apocynaceae,Cynanchum acuminatifolium (Decne.) Hemsl.,,,,,,,,,,,1,
17914,2859,Apocynaceae,Cynanchum auriculatum Royle ex Wight,,,,,,,,,,,1,
11793,2872,Apocynaceae,Nerium indicum Mill.,,,PIP (CAP),,,,,,,,1,
11790,2873,Apocynaceae,Nerium indicum Mill. forma leucanthum Makino,,,,,,,,,,,1,
11792,2874,Apocynaceae,Nerium indicum Mill. forma plenum Makino,,,,,,,,,,,1,
17498,2879,Apocynaceae,Vinca minor L.,,,PIP (CAP),,,,,,,,1,
20230,2945,Rubiaceae,Galium tricornutum Dandy,,,PIP (UN),,,,,,,,1,
7258,2955,Rubiaceae,Gardenia jasminoides J. Ellis,,,,,,,,,,,1,
7259,2956,Rubiaceae,Gardenia jasminoides J. Ellis var. radicans (Thunb.) Makino,,,,,,,,,,,1,
15874,2980,Rubiaceae,Serissa japonica (Thunb.) Thunb.,,,,,,,,,,,1,
4598,2989,Convolvulaceae,Convolvulus arvensis L.,,,IAP (NP),,,,,,,,1,1
9374,2995,Convolvulaceae,Ipomoea batatas (L.) Lam.,,,,,,,,,,,1,
9668,3002,Convolvulaceae,Jacquemontia tamnifolia (L.) Griseb.,,,PIP (UN),,,,,,,,1,1
12628,3003,Convolvulaceae,Pharbitis nil (L.) Choisy,,,IAP (NP),,,,,,,,1,1
14184,3005,Convolvulaceae,Quamoclit pennata (Desr.) Bojer,,,PIP (CAP),,,,,,,,1,
2465,3006,Solanaceae,Brugmansia sanguinea (Ruiz & Pav.) D. Don,,,,,,,,,,,1,
2466,3007,Solanaceae,Brugmansia suaveolens (Humb. & Bonpl. ex Willd.) Bercht. & J. Presl,,,,,,,,,,,1,
3162,3008,Solanaceae,Capsicum annuum L.,,,,,,,,,,,1,
8862,3012,Solanaceae,Hyoscyamus niger L.,,,PIP (UN),,,,,,,,1,
10796,3013,Solanaceae,Lycium chinense Mill.,,,Arc.,,,,1,,,,1,1
11805,3015,Solanaceae,Nicotiana sanderae hort. ex W. Watson,,,,,,,,,,,1,
11807,3016,Solanaceae,Nicotiana tabacum L.,,,,,,,,,,,1,
12574,3017,Solanaceae,Petunia hybrida E. Vilm.,,,PIP (CAP),,,,,,,,1,
12817,3020,Solanaceae,Physalis alkekengi L.,,,PIP (CAP),,,,,,,,1,
16039,3027,Solanaceae,Solanum dulcamara L.,,,,,,,,,,,1,
16043,3030,Solanaceae,Solanum lycopersicum L.,,,PIP (CAP),,,,,,,,1,
16048,3033,Solanaceae,Solanum melongena L.,,,,,,,,,,,1,
16049,3034,Solanaceae,Solanum nigrum L.,,,Arc.,,,,1,,,,1,1
16050,3035,Solanaceae,Solanum nigrum L. var. humile (Bernh. ex Willd.) C. Y. Wu & S. C. Huang,,,PIP (UN),,,,,,,,1,1
20233,3037,Solanaceae,Solanum pseudocapsicum L.,,,PIP (CAP),,,,,,,,1,
16055,3038,Solanaceae,Solanum rostratum Dunal,,,PIP (UN),,,,,,,,1,1
16057,3040,Solanaceae,Solanum sisymbriifolium Lam.,,,PIP (UN),,,,,,,,1,1
16058,3041,Solanaceae,Solanum tuberosum L.,,,,,,,,,,,1,
1077,3044,Boraginaceae,Amsinckia lycopsoides Lehm.,,,PIP (UN),,,,,,,,1,1
11635,3061,Boraginaceae,Myosotis alpestris F. W. Schmidt,,,PIP (CAP),,,,,,,,1,
11641,3063,Boraginaceae,Myosotis scorpioides L.,,,PIP (CAP),,,,,,,,1,
16414,3066,Boraginaceae,Symphytum officinale L.,,,IAP (NP),,,,,,,,1,1
3129,3078,Bignoniaceae,Campsis grandiflora (Thunb.) K. Schum.,,,,,,,,,,,1,
3130,3079,Bignoniaceae,Campsis radicans (L.) Seem.,,,,,,,,,,,1,
3712,3080,Bignoniaceae,Catalpa bignonioides Walter,,,PIP (CAP),,,,,,,,1,
3713,3081,Bignoniaceae,Catalpa bungei C. A. Mey.,,,PIP (CAP),,,,,,,,1,
3716,3082,Bignoniaceae,Catalpa ovata G. Don,,,PIP (CAP),,,,,,,,1,
3718,3083,Bignoniaceae,Catalpa speciosa Warder ex Engelm.,,,,,,,,,,,1,
15970,3084,Gesneriaceae,Sinningia speciosa (Lodd.) Hiern,,,,,,,,,,,1,
771,3092,Lamiaceae,Ajuga reptans L.,,,,,,,,,,,1,
2627,3095,Lamiaceae,Callicarpa americana L.,,,,,,,,,,,1,
2632,3096,Lamiaceae,Callicarpa dichotoma (Lour.) K. Koch,,,,,,,1,Ⅲ,,1,1,
2633,3097,Lamiaceae,Callicarpa dichotoma (Lour.) K. Koch forma albifructa Moldenke,,,,,,,,,,,1,
2636,3098,Lamiaceae,Callicarpa japonica Thunb.,,,,,,,1,,,1,1,
3601,3107,Lamiaceae,Caryopteris incana (Thunb. ex Houtt.) Miq.,,,,,,,1,Ⅰ,,1,1,
4426,3109,Lamiaceae,Clerodendrum japonicum (Thunb.) Sweet,,,,,,,,,,,1,
11382,3172,Lamiaceae,Mentha pulegium L.,,,PIP (CAP),,,,,,,,1,
11383,3173,Lamiaceae,Mentha spicata L.,,,IAP (CAP),,,,,,,,1,1
11388,3174,Lamiaceae,Mentha × piperita L.,,,PIP (CAP),,,,,,,,1,
11775,3184,Lamiaceae,Nepeta tenuifolia Benth.,,,,,,,,,,,1,
12498,3186,Lamiaceae,Perilla frutescens (L.) Britton,,,Arc.,,,,,,,,1,1
12499,3187,Lamiaceae,Perilla frutescens (L.) Britton var. acuta (Thunb.) Kudô,,,,,,,,,,,1,
12503,3188,Lamiaceae,Perilla frutescens (L.) Britton var. crispa (Thunb.) Deane,,,PIP (CAP),,,,,,,,1,
12500,3189,Lamiaceae,Perilla frutescens (L.) Britton var. purpurascens (Hayata) H. W. Li,,,,,,,,,,,1,
12501,3190,Lamiaceae,Perilla frutescens (L.) Britton forma viridis Makino,,,,,,,,,,,1,
12830,3195,Lamiaceae,Physostegia virginiana (L.) Benth.,,,,,,,,,,,1,
15225,3202,Lamiaceae,Salvia miltiorrhiza Bunge,,,,,,,,,,,1,
15235,3203,Lamiaceae,Salvia officinalis L.,,,PIP (UN),,,,,,,,1,
15248,3205,Lamiaceae,Salvia splendens Sellow ex Wied-Neuw.,,,,,,,,,,,1,
15647,3208,Lamiaceae,Scutellaria baicalensis Georgi,,,PIP (UN),,,,1,,,,1,
16767,3238,Lamiaceae,Thymus quinquecostatus Čelak.,,VU,,,,,1,Ⅲ,,1,1,
16769,3239,Lamiaceae,Thymus quinquecostatus Čelak. var. magnus (Nakai) Kitamura,,VU,,1,,NE,,,,1,1,
17631,3241,Lamiaceae,Vitex negundo L. var. cannabifolia (Siebold & Zucc.) Hand.-Mazz.,,,,,,,,,,,1,
24,3264,Oleaceae,Abeliophyllum distichum Nakai,cancel,CR,,1,,VU,1,Ⅴ,endemic,1,1,
20121,3265,Oleaceae,Abeliophyllum distichum Nakai var. obtusicarpum T. B. Lee,,,,,,,,,,1,1,
20,3266,Oleaceae,Abeliophyllum distichum Nakai forma eburneum T. B. Lee,,,,,,,,,,1,1,
25,3267,Oleaceae,Abeliophyllum distichum Nakai forma lilacinum Nakai,,,,,,,,,,1,1,
23,3268,Oleaceae,Abeliophyllum distichum Nakai forma viridicalycinum T. B. Lee,,,,,,,,,,1,1,
4068,3269,Oleaceae,Chionanthus retusus Lindl. & Paxton,,LC,,,,LC,1,Ⅲ,,1,1,
7044,3271,Oleaceae,Fontanesia phillyreoides Labill.,,,,,,,,,,,1,
7049,3272,Oleaceae,Forsythia koreana (Rehder) Nakai,,,,1,,,1,,,1,1,
7057,3277,Oleaceae,Forsythia suspensa (Thunb.) Vahl,,,,,,,,,,,1,
7065,3279,Oleaceae,Forsythia viridissima Lindl.,,,,,,,,,,,1,
7070,3280,Oleaceae,Forsythia × intermedia Zab.,,,,,,,,,,,1,
7092,3281,Oleaceae,Fraxinus americana L.,,,,,,,,,,,1,
7102,3283,Oleaceae,Fraxinus excelsior L.,,,,,,,,,,,1,
7113,3285,Oleaceae,Fraxinus pennsylvanica Marshall,,,,,,,,,,,1,
9676,3294,Oleaceae,Jasminum nudiflorum Lindl.,,,,,,,,,,,1,
10362,3303,Oleaceae,Ligustrum obtusifolium Siebold & Zucc.,,,,,,,1,,,1,1,
11949,3308,Oleaceae,Olea europaea L.,,,,,,,,,,,1,
12077,3309,Oleaceae,Osmanthus fragrans Lour.,,,,,,,,,,,1,
12078,3310,Oleaceae,Osmanthus fragrans Lour. var. aurantiacus Makino,,,,,,,,,,,1,
12080,3311,Oleaceae,Osmanthus heterophyllus (G. Don) P. S. Green,,,PIP (CAP),,,,,Ⅳ,,,1,
12092,3313,Oleaceae,Osmanthus × fortunei Carrière,,,PIP (CAP),,,,,,,,1,
16485,3327,Oleaceae,Syringa vulgaris L.,,,PIP (CAP),,,,,,,,1,
16491,3328,Oleaceae,Syringa vulgaris L. var. alba Weston,,,,,,,,,,,1,
14324,3374,Orobanchaceae,Rehmannia glutinosa (Gaertn.) Libosch. ex Fisch. & C. A. Mey.,,,,,,,,,,,1,
12367,3376,Paulowniaceae,Paulownia coreana Uyeki,,,,1,,,1,,,1,1,
12369,3377,Paulowniaceae,Paulownia tomentosa (Thunb.) Steud.,,,PIP (CAP),,,,1,,,,1,1
15884,3378,Pedaliaceae,Sesamum indicum L.,,,PIP (CAP),,,,,,,,1,
1294,3383,Plantaginaceae,Antirrhinum majus L.,,,PIP (CAP),,,,,,,,1,
5200,3386,Plantaginaceae,"Cymbalaria muralis G. Gaertn., B. Mey. & Scherb.",,,IAP (CAP),,,,,,,,1,1
5738,3389,Plantaginaceae,Digitalis lanata Ehrh.,,,PIP (CAP),,,,,,,,1,
5748,3390,Plantaginaceae,Digitalis purpurea L.,,,PIP (CAP),,,,,,,,1,
7598,3394,Plantaginaceae,Gratiola officinalis L.,,,PIP (UN),,,,,,,,1,1
20235,3399,Plantaginaceae,Linaria bipartita (Vent.) Willd.,,,PIP (CAP),,,,,,,,1,
10497,3401,Plantaginaceae,Linaria vulgaris Mill.,,,PIP (CAP),,,,,,,,1,
11825,3402,Plantaginaceae,Nuttallanthus canadensis (L.) D. A. Sutton,,,IAP (CAP),,,,,,,,1,1
2483,3449,Scrophulariaceae,Buddleja davidii Franch.,,,IAP (CAP),,,,,,,,1,1
9217,3473,Aquifoliaceae,Ilex serrata Thunb.,,,IAP (CAP),,,,,,,,1,1
9224,3474,Aquifoliaceae,Ilex verticillata (L.) A. Gray,,,PIP (CAP),,,,,,,,1,
9246,3475,Aquifoliaceae,Ilex wandoensis C. F. Mill. & M. Kim,,,,1,,,,,,1,1,
380,3480,Asteraceae,Achillea millefolium L.,,,IAP (NP),,,,,,,,1,1
691,3487,Asteraceae,Ageratum houstonianum Mill.,,,IAP (CAP),,,,,,,,1,1
755,3491,Asteraceae,Ajania pacifica (Nakai) K. Bremer & Humphries,,,,,,,,,,,1,1
1432,3502,Asteraceae,Arctium lappa L.,,,PIP (CAP),,,,,,,,1,
1461,3503,Asteraceae,Argyranthemum frutescens (L.) Sch. Bip.,,,PIP (CAP),,,,,,,,1,
1796,3555,Asteraceae,Aster koraiensis Nakai,,,,1,,,1,,,1,1,
1811,3561,Asteraceae,Aster novi-belgii L.,,,PIP (UN),,,,,,,,1,1
1823,3564,Asteraceae,Aster scaber Thunb.,,,,,,,1,,,1,1,
2012,3573,Asteraceae,Atractylodes macrocephala Koidz.,,,,,,,,,,,1,
2116,3575,Asteraceae,Bellis perennis L.,,,PIP (CAP),,,,,,,,1,
2383,3589,Asteraceae,Bracteantha bracteata (Vent.) Anderb. & Haegi,,,,,,,,,,,1,
2618,3593,Asteraceae,Calendula arvensis L.,,,,,,,,,,,1,
2620,3594,Asteraceae,Calendula officinalis L.,,,,,,,,,,,1,
2682,3595,Asteraceae,Callistephus chinensis Nees,,,,,,,,,,,1,
20236,3606,Asteraceae,Carthamus lanatus L.,,,PIP (UN),,,,,,,,1,
3593,3607,Asteraceae,Carthamus tinctorius L.,,,,,,,,,,,1,
3793,3608,Asteraceae,Centaurea cyanus L.,,,IAP (NP),,,,,,,,1,1
4006,3610,Asteraceae,Chamaemelum nobile (L.) All.,,,,,,,,,,,1,
4107,3611,Asteraceae,Chrysanthemum japonense (Makino) Nakai var. ashizuriense Kitam.,,,,,,,,,,,1,
4166,3614,Asteraceae,Cichorium endivia L.,,,PIP (CAP),,,,,,,,1,
4167,3615,Asteraceae,Cichorium intybus L.,,,,,,,,,,,1,
4209,3616,Asteraceae,Cirsium arvense (L.) Scop.,,,PIP (UN),,,,,,,,1,1
4220,3621,Asteraceae,Cirsium japonicum DC. var. horridum Nakai,,,,,,,,,,,1,
4238,3632,Asteraceae,Cirsium setidens (Dunn) Nakai,,,,1,,,1,Ⅰ,endemic,1,1,
4632,3645,Asteraceae,Coreopsis drummondii Torr. & A. Gray,,,PIP (CAP),,,,,,,,1,
4639,3646,Asteraceae,Coreopsis lanceolata L.,,,IAP (NP),,,,,,,,1,1
4650,3647,Asteraceae,Coreopsis tinctoria Nutt.,,,IAP (NP),,,,,,,,1,1
4851,3648,Asteraceae,Cosmos bipinnatus Cav.,,,IAP (NP),,,,,,,,1,1
4852,3649,Asteraceae,Cosmos sulphureus Cav.,,,IAP (NP),,,,,,,,1,1
5349,3660,Asteraceae,Dahlia pinnata Cav.,,,,,,,,,,,1,
5462,3666,Asteraceae,Dendranthema makinoi (Matsum.) Y. N. Lee,,EN,,,,NE,1,Ⅴ,,1,1,
5463,3667,Asteraceae,Dendranthema morifolium (Ramat.) Tzvelev,,,,,,,,,,,1,
5942,3676,Asteraceae,Dracopis amplexicaulis (Vahl) Cass.,,,PIP (UN),,,,,,,,1,1
6087,3677,Asteraceae,Echinacea purpurea (L.) Moench,,,,,,,,,,,1,
6160,3681,Asteraceae,Eclipta prostrata (L.) L.,,,Arc.,,,,1,,,,1,1
6286,3682,Asteraceae,Emilia flammea Cass.,,,,,,,,,,,1,
6880,3700,Asteraceae,Farfugium japonicum (L.) Kitam.,,,,,1,,1,Ⅲ,,1,1,
7176,3703,Asteraceae,Gaillardia aristata Pursh,,,PIP (CAP),,,,,,,,1,
7181,3704,Asteraceae,Gaillardia pulchella Foug.,,,PIP (CAP),,,,,,,,1,
7295,3709,Asteraceae,Gazania linearis (Thunb.) Druce,,,,,,,,,,,1,
7296,3710,Asteraceae,Gazania rigens (L.) Gaertn.,,,,,,,,,,,1,
7452,3711,Asteraceae,Gerbera jamesonii Bolus ex Adlam,,,,,,,,,,,1,
7523,3712,Asteraceae,Glebionis coronaria (L.) Cass. ex Spach,,,,,,,,,,,1,
7975,3715,Asteraceae,Helianthus annuus L.,,,,,,,,,,,1,
7981,3717,Asteraceae,Helianthus tuberosus L.,,,IAP (NP),,,,,,,,1,1
7989,3718,Asteraceae,Heliopsis helianthoides (L.) Sweet,,,PIP (CAP),,,,,,,,1,
9664,3745,Asteraceae,Jacobaea maritima (L.) Pelser & Meijden,,,,,,,,,,,1,
9978,3752,Asteraceae,Lactuca sativa L.,,,,,,,,,,,1,
10127,3760,Asteraceae,Leontopodium alpinum Cass.,,,,,,,,,,,1,
10319,3768,Asteraceae,Ligularia fischeri (Ledeb.) Turcz.,,,,,,,1,Ⅱ,,1,1,
11292,3777,Asteraceae,Matricaria chamomilla L.,,,PIP (CAP),,,,,,,,1,
11293,3778,Asteraceae,Matricaria inodora L.,,,PIP (UN),,,,,,,,1,1
12565,3791,Asteraceae,Petasites japonicus (Siebold & Zucc.) Maxim.,,,,,,,1,,,1,1,
15012,3801,Asteraceae,Rudbeckia hirta L.,,,IAP (NP),,,,,,,,1,1
15014,3802,Asteraceae,Rudbeckia hirta L. var. pulcherrima Farw.,,,IAP (NP),,,,,,,,1,1
15015,3803,Asteraceae,Rudbeckia laciniata L.,,,IAP (NP),,,,,,,,1,1
15016,3804,Asteraceae,Rudbeckia laciniata L. var. hortensis Bailey,,,IAP (NP),,,,,,,,1,1
15964,3874,Asteraceae,Silphium perfoliatum L.,,,PIP (CAP),,,,,,,,1,
15965,3875,Asteraceae,Silybum marianum (L.) Gaertn.,,,PIP (CAP),,,,,,,,1,
20260,3878,Asteraceae,Solidago gigantea Aiton,,,IAP (NP),,,,,,,,1,1
20239,3886,Asteraceae,Sonchus palustris L.,,,PIP (CAP),,,,,,,,1,
16515,3895,Asteraceae,Tagetes erecta L.,,,PIP (CAP),,,,,,,,1,
16517,3897,Asteraceae,Tagetes patula L.,,,,,,,,,,,1,
16527,3898,Asteraceae,Tanacetum cinerariifolium (Trevis.) Sch. Bip.,,,PIP (CAP),,,,,,,,1,
16981,3916,Asteraceae,Tripleurospermum limosum (Maxim.) Pobed.,,,,,,,,Ⅳ,,,1,
17747,3923,Asteraceae,Xanthium strumarium L.,,,Arc.,,,,,,,,1,1
17838,3926,Asteraceae,Zinnia violacea Cav.,,,PIP (CAP),,,,,,,,1,
537,3943,Campanulaceae,Adenophora pereskiifolia (Fisch. ex Schult.) G. Don,,,,,,,,,,1,1,
3119,3967,Campanulaceae,Campanula takesimana Nakai,,LC,,1,,,1,Ⅳ,endemic,1,1,
4511,3970,Campanulaceae,Codonopsis lanceolata (Siebold & Zucc.) Benth. & Hook. f. ex Trautv.,,,,,,,1,,,1,1,
20240,3980,Campanulaceae,Lobelia inflata L.,,,PIP (CAP),,,,,,,,1,
13232,3983,Campanulaceae,Platycodon grandiflorum (Jacq.) A. DC.,,,,,,,1,,,1,1,
1211,3995,Apiaceae,Angelica acutiloba (Siebold & Zucc.) Kitag.,,,,,,,,,,,1,
1230,4006,Apiaceae,Angelica gigas Nakai,,,,,,,1,Ⅲ,,1,1,
1239,4012,Apiaceae,Angelica utilis Makino ex Y. Yabe,,,,,,,,,,,1,
1275,4014,Apiaceae,Anthriscus sylvestris (L.) Hoffm.,,,,,,,1,,,1,1,
1300,4016,Apiaceae,Apium graveolens L.,,,PIP (CAP),,,,,,,,1,
2275,4018,Apiaceae,Bifora radians M. Bieb.,,,PIP (UN),,,,,,,,1,1
20241,4023,Apiaceae,Bupleurum lancifolium Hornem.,,,PIP (UN),,,,,,,,1,
4483,4036,Apiaceae,Cnidium officinale Makino,,,,,,,,,,,1,
4655,4042,Apiaceae,Coriandrum sativum L.,,,PIP (CAP),,,,,,,,1,
5401,4047,Apiaceae,Daucus carota L. subsp. sativus (Hoffm.) Arcang.,,,,,,,,,,1,1,
7039,4050,Apiaceae,Foeniculum vulgare Mill.,,,IAP (NP),,,,,,,,1,1
8179,4052,Apiaceae,Heracleum mantegazzianum Sommier & Levier,,,,,,,,,,,1,
10100,4055,Apiaceae,Ledebouriella seseloides (Hoffm.) H. Wolff,,,,,,,,,,,1,
10595,4060,Apiaceae,Lisaea heterocarpa (DC.) Boiss.,,,PIP (UN),,,,,,,,1,1
11918,4061,Apiaceae,Oenanthe javanica (Blume) DC.,,,,,,,1,,,1,1,
20242,4069,Apiaceae,Petroselinum crispum (Mill.) Fuss,,,PIP (CAP),,,,,,,,1,
12968,4079,Apiaceae,Pimpinella brachycarpa (Kom.) Nakai,,,,,,,1,,,1,1,
15526,4092,Apiaceae,Scandix pecten-veneris L.,,,PIP (UN),,,,,,,,1,1
1406,4104,Araliaceae,Aralia cordata Thunb.,,,,,,,,,,1,1,
1407,4105,Araliaceae,Aralia cordata Thunb. var. continentalis (Kitag.) Y. C. Chu,,,,,,,1,,,1,1,
1410,4106,Araliaceae,Aralia elata (Miq.) Seem.,,,,,,,1,,,1,1,
6250,4113,Araliaceae,Eleutherococcus senticosus (Rupr. & Maxim.) Maxim.,Ⅱ,VU,,,,VU,,Ⅴ,,1,1,
6252,4115,Araliaceae,Eleutherococcus sessiliflorus (Rupr. & Maxim.) S. Y. Hu,,,,,,,1,Ⅰ,,1,1,
6253,4116,Araliaceae,Eleutherococcus sieboldianus (Makino) Koidz.,,,,,,,,,,,1,
12244,4128,Araliaceae,Panax ginseng C. A. Mey.,,DD,,,,NE,1,Ⅴ,,1,1,
16604,4129,Araliaceae,Tetrapanax papyrifer (Hook.) K. Koch,,,PIP (CAP),,,,,,,,1,
15258,4132,Adoxaceae,Sambucus canadensis L.,,,PIP (CAP),,,,,,,,1,
15264,4133,Adoxaceae,Sambucus nigra L.,,,IAP (CAP),,,,,,,,1,1
17385,4152,Adoxaceae,Viburnum opulus L. forma hydrangeoides (Nakai) Hara,,,,,,,,,,,1,
13,4158,Caprifoliaceae,Abelia × grandiflora (Rovelli ex André) Rehder,,,,,,,,,,,1,
5729,4159,Caprifoliaceae,Diervilla sessilifolia Buckley,,,PIP (CAP),,,,,,,,1,
10685,4183,Caprifoliaceae,Lonicera periclymenum L.,,,,,,,,,,,1,
16979,4199,Caprifoliaceae,Triosteum sinuatum Maxim.,,,,,,,,,,,1,
17669,4209,Caprifoliaceae,Weigela florida (Bunge) A. DC.,,,,,,,1,Ⅱ,,1,1,
17674,4212,Caprifoliaceae,Weigela florida (Bunge) A. DC. forma subtricolor Nakai,,,,,,,,,,1,1,
17682,4215,Caprifoliaceae,Weigela praecox (Lemoine) L. H. Bailey,,,,,,,1,Ⅱ,,1,1,
462,4228,Acoraceae,Acorus calamus L.,,LC,,,,LC,1,Ⅱ,,1,1,
20243,4233,Alismataceae,Hydrocleys nymphoides (Humb. & Bonpl. ex Willd.) Buchenau,,,PIP (CAP),,,,,,,,1,
15086,4237,Alismataceae,Sagittaria sagittifolia L. var. edulis (Schltdl.) Siebold ex Miq.,,,,,,,,,,,1,1
1059,4239,Araceae,Amorphophallus rivieri Durieu ex Carriere,,,PIP (CAP),,,,,,,,1,
1280,4240,Araceae,Anthurium andraeanum Linden,,,,,,,,,,,1,
4549,4254,Araceae,Colocasia esculenta (L.) Schott,,,,,,,,,,,1,
11556,4256,Araceae,Monstera deliciosa Liebm.,,,,,,,,,,,1,
13131,4260,Araceae,Pistia stratiotes L.,,,IAP (CAP),,,,,,,,1,1
17703,4265,Araceae,Wolffia arrhiza (L.) Horkel ex Wimm.,,,PIP (CAP),,,,,,,1,1,
17791,4266,Araceae,Zantedeschia aethiopica (L.) Spreng.,,,,,,,,,,,1,
17792,4267,Araceae,Zantedeschia elliottiana (H. Knight) Engl.,,,,,,,,,,,1,
17794,4268,Araceae,Zantedeschia rehmannii Engl.,,,,,,,,,,,1,
2521,4269,Butomaceae,Butomus umbellatus L.,,,PIP (CAP),,,,,,,,1,
5782,4323,Dioscoreaceae,Dioscorea alata L.,,,,,,,,,,,1,
5784,4324,Dioscoreaceae,Dioscorea bulbifera L.,,,,,,,,,,,1,
7138,4346,Liliaceae,Fritillaria aurea Schott,,,,,,,,,,,1,
7140,4347,Liliaceae,Fritillaria camschatcensis (L.) Ker Gawl.,,,,,,,,,,,1,
7160,4349,Liliaceae,Fritillaria verticillata Willd. var. thunbergii (Miq.) Baker,,,,,,,,,,,1,
10422,4365,Liliaceae,Lilium lancifolium Thunb. var. flaviflorum Makino,,,,,,,,,,,1,
10428,4367,Liliaceae,Lilium longiflorum Thunb.,,,,,,,,,,,1,
17055,4381,Liliaceae,Tulipa gesneriana L.,,,,,,,,,,,1,
838,4413,Amaryllidaceae,Allium cepa L.,,,,,,,,,,,1,
841,4414,Amaryllidaceae,Allium chinense G. Don,,,,,,,,,,,1,
848,4417,Amaryllidaceae,Allium fistulosum L.,,,,,,,,,,,1,
859,4421,Amaryllidaceae,Allium macrostemon Bunge,,,,,,,,,,1,1,
862,4423,Amaryllidaceae,Allium microdictyon Prokh.,,CR,,,,NT,1,Ⅳ,Northern,1,1,
869,4425,Amaryllidaceae,Allium ochotense Prokh.,,,,,,,1,Ⅳ,,1,1,
881,4428,Amaryllidaceae,Allium schoenoprasum L.,,,,,,,,,,,1,
886,4430,Amaryllidaceae,Allium scorodoprasum L. var. viviparum Regel.,,,,,,,,,,,1,
908,4440,Amaryllidaceae,Allium tuberosum Rottler ex Spreng.,,,PIP (CAP),,,,,,,,1,
912,4442,Amaryllidaceae,Allium × wakegii Araki,,,,,,,,,,,1,
4474,4443,Amaryllidaceae,Clivia miniata Regel,,,,,,,,,,,1,
5021,4444,Amaryllidaceae,Crinum japonicum (Baker) L. S. Hannibal,,EN,,,,,1,Ⅳ,,1,1,
5024,4445,Amaryllidaceae,Crinum moorei Hook. f.,,,,,,,,,,,1,
8453,4446,Amaryllidaceae,Hippeastrum puniceum (Lam.) Voss,,,,,,,,,,,1,
10832,4451,Amaryllidaceae,Lycoris radiata (L'Hér.) Herb.,,,PIP (CAP),,,,,,,,1,
10841,4453,Amaryllidaceae,Lycoris squamigera Maxim.,,,,,,,,,,,1,
11703,4455,Amaryllidaceae,Narcissus tazetta Ker Gawl. subsp. chinensis (M.Roem.) Masamura & Yanagih.,,,,,,,,,,,1,
17826,4457,Amaryllidaceae,Zephyranthes carinata Herb.,,,,,,,,,,,1,
671,4458,Asparagaceae,Agave americana L.,,,,,,,,,,,1,
1137,4459,Asparagaceae,Anemarrhena asphodeloides Bunge,,,,,,,,,,,1,
1691,4463,Asparagaceae,Asparagus officinalis L.,,,PIP (CAP),,,,,,,,1,
1710,4467,Asparagaceae,Aspidistra elatior Blume,cancel,,,,,,,,,,1,
5912,4469,Asparagaceae,Dracaena fragrans (L.) Ker Gawl.,,,,,,,,,,,1,
8512,4470,Asparagaceae,Hosta capitata (Koidz.) Nakai,,,,,,,1,Ⅰ,,1,1,
8599,4479,Asparagaceae,Hosta longipes (Franch. & Sav.) Matsum.,,,,,,,,,,1,1,
8636,4484,Asparagaceae,Hosta plantaginea (Lam.) Asch.,,,,,,,,,,,1,
8637,4485,Asparagaceae,Hosta plantaginea (Lam.) Asch. var. japonica Kikuchi & F. Maek.,,,,,,,,,,,1,
8735,4490,Asparagaceae,Hyacinthus orientalis L.,,,,,,,,,,,1,
10591,4492,Asparagaceae,Liriope platyphylla F. T. Wang & T. Tang,,,,,,,1,,,1,1,
11978,4497,Asparagaceae,Ophiopogon japonicus (L. f.) Ker Gawl.,,,,,,,1,Ⅰ,,1,1,
13331,4502,Asparagaceae,Polygonatum falcatum A. Gray,,,,,,,1,Ⅲ,,1,1,
13344,4511,Asparagaceae,Polygonatum odoratum (Mill.) Druce var. pluriflorum (Miq.) Ohwi,,,,,,,1,,,1,1,
13351,4515,Asparagaceae,Polygonatum sibiricum F. Delaroche,,,,,,,,,,,1,
14797,4519,Asparagaceae,Rohdea japonica (Thunb.) Roth,,,PIP (CAP),,,,,,,,1,
17770,4529,Asparagaceae,Yucca filamentosa L.,,,PIP (CAP),,,,,,,,1,
17774,4530,Asparagaceae,Yucca gloriosa L.,,,,,,,,,,,1,
20249,4531,Asparagaceae,Yucca treculeana Carrière,,,PIP (CAP),,,,,,,,1,
976,4532,Asphodelaceae,Aloe vera (L.) Burm. f.,,,,,,,,,,,1,
8077,4535,Asphodelaceae,Hemerocallis fulva (L.) L.,,,,,,,,,,,1,
8078,4536,Asphodelaceae,Hemerocallis fulva (L.) L. var. kwanso Regel,,,,,,,,,,,1,
5049,4546,Iridaceae,Crocus sativus L.,,,,,,,,,,,1,
7487,4547,Iridaceae,Gladiolus × gandavensis Van Houtte,,,,,,,,,,,1,
9438,4551,Iridaceae,Iris foetidissima L.,,,,,,,,,,,1,
9445,4552,Iridaceae,Iris germanica L.,,,PIP (CAP),,,,,,,,1,
9457,4553,Iridaceae,Iris japonica Thunb.,,,,,,,,,,,1,
9497,4564,Iridaceae,Iris pseudacorus L.,,,PIP (CAP),,,,,,,,1,1
9501,4565,Iridaceae,Iris pumila L.,,,PIP (CAP),,,,,,,,1,
9567,4577,Iridaceae,Iris tectorum Maxim.,,,,,,,,,,,1,
15992,4580,Iridaceae,Sisyrinchium patagonicum Phil. ex Baker,,,,,,,,,,,1,
5202,4610,Orchidaceae,Cymbidium goeringii (Rchb. f.) Rchb. f.,cancel,,,,,LC,,Ⅰ,,1,1,
7276,4643,Orchidaceae,Gastrodia elata Blume,cancel,VU,,,,LC,,Ⅱ,,1,1,
11729,4688,Orchidaceae,Neofinetia falcata (Thunb.) Hu,Ⅰ,CR,,,,CR,,Ⅴ,,1,1,
14353,4723,Arecaceae,Rhapis excelsa Henry ex Rehder,,,,,,,,,,,1,
14354,4724,Arecaceae,Rhapis humilis Blume,,,,,,,,,,,1,
16865,4725,Arecaceae,Trachycarpus fortunei (Hook.) H. Wendl.,,,PIP (CAP),,,,,,,,1,
16866,4726,Arecaceae,Trachycarpus wagnerianus hort. ex Becc.,,,,,,,,,,,1,
1096,4727,Bromeliaceae,Ananas comosus (L.) Merr.,,,,,,,,,,,1,
5246,4938,Cyperaceae,Cyperus alternifolius L.,,,,,,,,,,,1,
5254,4944,Cyperaceae,Cyperus esculentus L. var. sativus Boeck.,,,IAP (CAP),,,,,,,,1,1
17915,4945,Cyperaceae,Cyperus exaltatus Retz. var. iwasakii (Makino) T. Koyama,,,Arc.,,,,,,,,1,1
5274,4957,Cyperaceae,Cyperus papyrus L.,,,,,,,,,,,1,
14736,5020,Cyperaceae,Rhynchospora colorata (Hitchc) H. Pfeiff.,,,,,,,,,,,1,
20005,5051,Cyperaceae,Trichophorum cespitosum (L.) Hartm.,,,,,,,,,,,1,
20245,5099,Poaceae,Aegilops caudata L,,,PIP (UN),,,,,,,,1,
725,5104,Poaceae,Agrostis capillaris L.,,,IAP (CAP),,,,,,,,1,1
1638,5129,Poaceae,Arundinaria simonii (Carrière) Rivière & C. Rivière,,,,,,,,,,,1,
1643,5132,Poaceae,Arundo donax L.,,,PIP (CAP),,,,,,,,1,
1644,5133,Poaceae,Arundo donax L. var. versicolor (Mill.) Stokes,,,,,,,,,,,1,
2048,5135,Poaceae,Avena sativa L.,,,PIP (CAP),,,,,,,,1,1
4012,5175,Poaceae,Chasmanthium latifolium (Michx.) H. O. Yates,,,IAP (CAP),,,,,,,,1,1
4528,5181,Poaceae,Coix lacryma-jobi L.,,,IAP (NP),,,,,,,,1,1
4530,5182,Poaceae,Coix lacryma-jobi L. var. ma-yuen (Rom. Caill.) Stapf,,,PIP (CAP),,,,,,,,1,
4754,5183,Poaceae,Cortaderia selloana (Schult. & Schult. f.) Asch. & Graebn.,,,PIP (CAP),,,,,,,,1,
5243,5187,Poaceae,Cynosurus cristatus L.,,,PIP (UN),,,,,,,1,1,
6907,5242,Poaceae,Festuca arundinacea Schreb.,,,IAP (NP),,,,,,,,1,1
6914,5244,Poaceae,Festuca heterophylla Lam.,,,IAP (NP),,,,,,,,1,1
20248,5268,Poaceae,Holcus mollis L.,,,PIP (UN),,,,,,,,1,
8477,5272,Poaceae,Hordeum vulgare L.,,,PIP (CAP),,,,,,,,1,
8920,5273,Poaceae,Hystrix cristata Linnaeus,,,,,,,,,,,1,
10635,5290,Poaceae,Lolium perenne L.,,,IAP (NP),,,,,,,,1,1
10637,5292,Poaceae,Lolium temulentum L.,,,PIP (UN),,,,,,,,1,1
11470,5306,Poaceae,Miscanthus sacchariflorus (Maxim.) Benth.,,,,,,,1,,,1,1,
20149,5320,Poaceae,Muhlenbergia capillaris (Lam.) Trin.,,,PIP (CAP),,,,,,,,1,
12068,5330,Poaceae,Oryza sativa L.,,,,,,,,,,,1,
12069,5331,Poaceae,Oryza sativa L. var. glutinosa Blanco,,,,,,,,,,,1,
12070,5332,Poaceae,Oryza sativa L. var. terrestris Makino,,,,,,,,,,,1,
12256,5335,Poaceae,Panicum miliaceum L.,,,Arc.,,,,,,,,1,1
12435,5348,Poaceae,Pennisetum flaccidum Griseb.,,,IAP (CAP),,,,,,,,1,1
12437,5349,Poaceae,Pennisetum latifolium Spreng.,,,PIP (UN),,,,,,,,1,
12622,5354,Poaceae,Phalaris arundinacea L. var. picta L.,,,,,,,,,,,1,
12627,5356,Poaceae,Phalaris minor Retz.,,,PIP (UN),,,,,,,,1,1
12801,5364,Poaceae,Phyllostachys compressus Uyeki,,,,,,,,,,,1,
20044,5365,Poaceae,Phyllostachys edulis (Carrière) J. Houz.,,,PIP (CAP),,,,,,,,1,
12804,5366,Poaceae,Phyllostachys nigra (Lodd. ex Lindl.) Munro,,,PIP (CAP),,,,,,,,1,
12807,5367,Poaceae,Phyllostachys nigra (Lodd. ex Lindl.) Munro var. henonis (Mitford) Stapf ex Rendle,,,,,,,,,,1,1,
20262,5369,Poaceae,Phyllostachys reticulata (Rupr.) K. Koch,,,PIP (CAP),,,,,,,,1,
13976,5399,Poaceae,Pseudosasa japonica (Siebold & Zucc. ex Steud.) Makino ex Nakai,,,,,,,,,,1,1,
15057,5408,Poaceae,Saccharum officinarum L.,,,,,,,,,,,1,
15686,5419,Poaceae,Secale cereale L.,,,PIP (CAP),,,,,,,,1,
15892,5424,Poaceae,Setaria italica (L.) P. Beauv.,,,,,,,,,,,1,
15895,5427,Poaceae,Setaria verticillata (L.) P. Beauv.,,,PIP (UN),,,,,,,,1,
16157,5431,Poaceae,Sorghum bicolor (L.) Moench,,,PIP (CAP),,,,,,,,1,
16158,5432,Poaceae,Sorghum bicolor (L.) Moench var. dulciusculum Ohwi,,,,,,,,,,,1,
16159,5433,Poaceae,Sorghum bicolor (L.) Moench var. hoki Ohwi,,,,,,,,,,,1,
16337,5445,Poaceae,Stipa gigantea Link,,,,,,,,,,,1,
16991,5457,Poaceae,Triticum aestivum L.,,,,,,,,,,,1,
20259,5460,Poaceae,Vulpia myuros (L.) C. C. Gmel. subsp. megalura (Nutt.) Soják,,,PIP (UN),,,,,,,,1,1
17811,5461,Poaceae,Zea mays L.,,,,,,,,,,,1,
17854,5463,Poaceae,Zoysia japonica Steud.,,,,,,,1,,,1,1,
17858,5466,Poaceae,Zoysia matrella (L.) Merr.,,,IAP (CAP),,,,,,,,1,1
17095,5478,Typhaceae,Typha minima Funck ex Hoppe,,,,,,,,,,,1,
16872,5489,Commelinaceae,Tradescantia fluminensis Vell.,,,IAP (NP),,,,,,,,1,1
16881,5491,Commelinaceae,Tradescantia spathacea Sw.,,,PIP (CAP),,,,,,,,1,
6172,5492,Pontederiaceae,Eichhornia crassipes (Mart.) Solms,,,PIP (CAP),,,,,,,,1,1
3144,5496,Cannaceae,Canna × generalis L. H. Bailey,,,IAP (CAP),,,,,,,,1,1
16621,5497,Marantaceae,Thalia dealbata Fraser ex Roscoe,,,PIP (CAP),,,,,,,,1,
11618,5498,Musaceae,Musa basjoo Siebold & Zucc. ex Iinuma,,,,,,,,,,,1,
11614,5499,Musaceae,Musa × paradisiaca L.,,,,,,,,,,,1,
16353,5500,Strelitziaceae,Strelitzia reginae Banks,,,,,,,,,,,1,
985,5501,Zingiberaceae,Alpinia japonica (Thunb.) Miq.,,,,,,,,,,,1,
7935,5502,Zingiberaceae,Hedychium coronarium J. Koenig,,,PIP (CAP),,,,,,,,1,
17834,5503,Zingiberaceae,Zingiber mioga (Thunb.) Roscoe,,,IAP (NP),,,,,,,,1,1
17835,5504,Zingiberaceae,Zingiber officinale Roscoe,,,,,,,,,,,1,
